created_at,id_str,text,source,user_id_str,user_name,user_location,user_url,user_protected,user_followers_count,user_friends_count,user_favourites_count,user_lang,geo,coordinates,favorite_count,place,favorited,retweet_count,retweeted,lang
2021-04-27 07:19:59,1386943190947844099,RT @Rschooley: What are the odds that the census was the one government operation that operated competently and apolitically under Trump?,"<a href=""http://twitter.com/download/android"" rel=""nofollow"">Twitter for Android</a>",773001315857432580,BamaBlueDotğŸ‡ºğŸ‡²,United States,,False,16256,12278,23330,,,,0,,False,0,False,en
2021-04-27 07:19:59,1386943191803432966,RT @thecorpmex: I had a chance to visit San Ysidro and then see â€œthe trump wallâ€ this is what $32 million per mile looks like. https://t.coâ€¦,"<a href=""http://twitter.com/download/iphone"" rel=""nofollow"">Twitter for iPhone</a>",109272895,"Janet Mayfield, MLA","Texas, USA",,False,415,2657,7660,,,,0,,False,0,False,en
2021-04-27 07:20:00,1386943194336800770,He's a 100% Nobody !,"<a href=""http://twitter.com/download/android"" rel=""nofollow"">Twitter for Android</a>",1035934618883641344,Cj,Texas,,False,55,263,965,,,,0,,False,0,False,en
2021-04-27 07:20:03,1386943205854351363,RT @TeamPelosi: Pres. Bidenâ€™s promise of 200 million vaccine doses in arms in 100 days was kept with days to spare because of the confidencâ€¦,"<a href=""http://twitter.com/download/iphone"" rel=""nofollow"">Twitter for iPhone</a>",1236741607669538817,ğŸ’šSheHulkğŸ€,,http://nevershowweakness.com,False,3301,3510,4887,,,,0,,False,0,False,en
2021-04-27 07:20:03,1386943206030336001,"RT @AshAgony: ""The D.C. government will pay $1.6 million to settle two lawsuits alleging police unlawfully detained more than 200 [#Disruptâ€¦","<a href=""https://mobile.twitter.com"" rel=""nofollow"">Twitter Web App</a>",1336954921816641538,Niklas Norman,,,False,426,1879,7615,,,,0,,False,0,False,en
2021-04-27 07:20:03,1386943207003475969,RT @BuddyWinston: And this was the guy Trump hired to teach us how to bring home the bacon....,"<a href=""http://twitter.com/download/iphone"" rel=""nofollow"">Twitter for iPhone</a>",2409414559,Susan Borts,Left Coast,,False,2841,2244,142636,,,,0,,False,0,False,en
2021-04-27 07:20:03,1386943208945590274,"The Left are the ones dividing us, not Trump supporters. #Hypocrites","<a href=""https://mobile.twitter.com"" rel=""nofollow"">Twitter Web App</a>",1162271005949038593,Steph #GeorgeWBushIsMyPOTUS #ReinstateGnasherJew,illinois sucks     #standbyisrael     #antiZionismISantiSemitism  #endpaytoslay,http://facebook.com/sstephaniew,False,1039,1344,42667,,,,0,,False,0,False,en
2021-04-27 07:20:04,1386943209905942530,"RT @washingtonpost: Minutes before Trump left office, millions of the Pentagonâ€™s dormant IP addresses sprang to life https://t.co/9eVP4Lg0rh","<a href=""https://mobile.twitter.com"" rel=""nofollow"">Twitter Web App</a>",2586987931,Bob Lyon,Utah,,False,17,63,7448,,,,0,,False,0,False,en
2021-04-27 07:20:04,1386943210778333186,"RT @danhill2011: Establishment Republicans stab President Trump in the back - and then run to his supporters and ask for money.  

You can'â€¦","<a href=""http://twitter.com/#!/download/ipad"" rel=""nofollow"">Twitter for iPad</a>",1240544585442455553,garry,,,False,144,1306,44008,,,,0,,False,0,False,en
2021-04-27 07:20:09,1386943233389998081,"RT @glennkirschner2: Whatâ€™s going on right now in Arizona is not a recount, itâ€™s not an audit. Itâ€™s a Trump rally.","<a href=""https://mobile.twitter.com"" rel=""nofollow"">Twitter Web App</a>",814925120800223232,Baggiesman,Kington Herefordshire,,False,26539,29181,56679,,,,0,,False,0,False,en
2021-04-27 07:20:10,1386943235461836804,RT @timeindawater1: On social media there was chatter of planned violence &amp; officials warned of the danger of the rally during certificatioâ€¦,"<a href=""http://twitter.com/download/android"" rel=""nofollow"">Twitter for Android</a>",359612102,Deidre Eversull,"Los Osos, CA",,False,3329,3945,236539,,,,0,,False,0,False,en
2021-04-27 07:20:10,1386943235893862400,"@unscriptedmike Outside of 6 counties in LA and Bay Area, Trump either very narrowly lost or (very likely) outrightâ€¦ https://t.co/vnahpiC29I","<a href=""http://twitter.com/download/iphone"" rel=""nofollow"">Twitter for iPhone</a>",981801253,Rob Brindisi,"Los Angeles, CA",,False,11,90,121,,,,0,,False,0,False,en
2021-04-27 07:20:10,1386943236313337856,"RT @RealCandaceO: Imagine if President Donald Trump used taxpayer money to buy his own books to give out to foreigners. 

That is exactly wâ€¦","<a href=""http://twitter.com/download/iphone"" rel=""nofollow"">Twitter for iPhone</a>",815377471,Kevin Wolfe,"Cole Harbour, NS",,False,85,254,30421,,,,0,,False,0,False,en
2021-04-27 07:20:10,1386943237378744324,"@ty_paul_ Because Clinton thought with trump facing her, it was a clear cut victory. 

Not everyone was happy with DC.","<a href=""http://twitter.com/download/iphone"" rel=""nofollow"">Twitter for iPhone</a>",1352482353554345985,The Weeknd Got Robbed,Whos 2 Say Whats A Conspiracy,,False,42,43,9022,,,,0,,False,0,False,en
2021-04-27 07:25:43,1386944634933452804,Just talked to trump he said global warming over ğŸ’¯ğŸ—£,"<a href=""http://twitter.com/download/iphone"" rel=""nofollow"">Twitter for iPhone</a>",1212442935318310912,JerğŸŒ´,THE TRAP,http://realnigga.org,False,34,276,12504,,,,0,,False,0,False,en
2021-04-27 07:25:43,1386944635507937281,trump was the hot topic for a solid 5 years and then january 20th he disappeared and was never to be seen again,"<a href=""http://twitter.com/download/iphone"" rel=""nofollow"">Twitter for iPhone</a>",1125907825132093440,Casey,,,False,28,101,2652,,,,0,,False,0,False,en
2021-04-27 07:25:43,1386944635663261698,"RT @DLWilsonsWorld: @StevenAutoTweet @Breaking911 President Trump owns Mar-a-Lago golf course &amp; resort, as well as 16 other golf course resâ€¦","<a href=""https://mobile.twitter.com"" rel=""nofollow"">Twitter Web App</a>",509745389,Janice,West Virginia,,False,592,633,28787,,,,0,,False,0,False,en
2021-04-27 07:25:44,1386944638020374530,"@ChristiCMP @JackWaltimore @RichardGrenell She is black AND a Democrat, she gets a free pass to do and say WHATEVERâ€¦ https://t.co/EXXmwPW28Q","<a href=""http://twitter.com/download/android"" rel=""nofollow"">Twitter for Android</a>",1384577052150484992,The Woke Oak,"San Francisco, CA",,False,10,153,29,,,,0,,False,0,False,en
2021-04-27 07:25:44,1386944639022768133,"RT @suemitsu: TRUMPã‚·ãƒªãƒ¼ã‚ºãŒéšæ™‚Blu-rayåŒ–æ±ºå®šã€‚å…¨ã¦TRMNã•ã‚“ã«ã‚ˆã‚‹æ–°ã‚¸ãƒ£ã‚±ãƒƒãƒˆã€‚ç¬¬ä¸€å¼¾ã¯Dã‚¹ãƒ†ç‰ˆã€TRUMPã€ã®TRUTH verã¨REVERSE verã€‚ä¿ºã®ç¹­æœŸã¯12å¹´å‰ã€åˆæ¼”ã®è„šæœ¬ã‚’æ›¸ãå§‹ã‚ãŸã‚ãŸã‚Šã‹ã‚‰ã ã‚ã†ã‹ã€‚
#ã‚ãªãŸã®ç¹­æœŸã¯ã©ã“ã‹ã‚‰
#â€¦","<a href=""http://twitter.com/download/iphone"" rel=""nofollow"">Twitter for iPhone</a>",1231550495698771968,Sachi.@è¦³åŠ‡ãƒ©ã‚¤ã‚¿ãƒ¼,åŠ‡å ´,https://fori.io/sachi07,False,31,52,123,,,,0,,False,0,False,ja
2021-04-27 07:25:45,1386944642038607874,"RT @leonard_vincent: AprÃ¨s 2003, Bush Ã©tait l'homme le plus dÃ©testÃ© de France, mais on a Ã©lu sa rÃ©duction jivaro Sarkozy.

Aujourd'hui, Truâ€¦","<a href=""http://twitter.com/download/android"" rel=""nofollow"">Twitter for Android</a>",742657937320075264,Guittet,,,False,121,221,45438,,,,0,,False,0,False,fr
2021-04-27 07:25:45,1386944641803505666,@MongrelQueen I just want all you democrats to admit that your outrage about Trump was all fake and performative. https://t.co/kPQIu8fkXB,"<a href=""http://twitter.com/download/android"" rel=""nofollow"">Twitter for Android</a>",4248922766,Post-Scarcity-Pal ğŸ´ ğŸğŸ“šğŸ›¸,,https://www.rhizomatic.us/,False,2330,2910,291330,,,,0,,False,0,False,en
2021-04-27 07:25:45,1386944642692829186,"Trump Puts Out One of His â€˜Elegant Statementsâ€™ Calling LeBron James â€˜Racistâ€™, â€˜Divisiveâ€™ and â€˜Nastyâ€™â€¦ https://t.co/4ee9VEsvsi","<a href=""https://mobile.twitter.com"" rel=""nofollow"">Twitter Web App</a>",1080407593,Toxic Agenda,,http://feeds.feedburner.com/CultureIndependentNewsAndBlog,False,62675,61117,13508,,,,0,,False,0,False,en
2021-04-27 07:25:45,1386944643003084806,"RT @MsAvaArmstrong: When did the Russians interfere in our election? 2016. 
President? Obama. 
head of the CIA? John Brennan. 
National Intâ€¦","<a href=""http://twitter.com/download/iphone"" rel=""nofollow"">Twitter for iPhone</a>",17027643,Summer333,,,False,77,190,23044,,,,0,,False,0,False,en
2021-04-27 07:25:45,1386944644022345732,RT @tyedyemini: @ChuckGrassley The majority of Americans like what Biden is doing right now. What else is GIFT WRAPPED in the bill for theâ€¦,"<a href=""https://mobile.twitter.com"" rel=""nofollow"">Twitter Web App</a>",1405120208,Pat Klees,,,False,544,947,61674,,,,0,,False,0,False,en
2021-04-27 07:25:47,1386944648552357893,"@JamesWoodfield @gracepetrie Indeed. What is wrong with a big chunk of the population, who have gravitated towardsâ€¦ https://t.co/6Spqi1Ip4a","<a href=""https://mobile.twitter.com"" rel=""nofollow"">Twitter Web App</a>",2548040863,Andy Williams ğŸŒŠ #RejoinEUğŸ‡ªğŸ‡º #JoinAUnion#GTTO,Cambridgeshire.,,False,4093,4993,123843,,,,0,,False,0,False,en
2021-04-27 07:25:49,1386944656815054850,"RT @justinamash: Republicans in Congress could have stopped this a few years ago. Instead, they opposed my legislation to rein in domesticâ€¦","<a href=""http://twitter.com/download/iphone"" rel=""nofollow"">Twitter for iPhone</a>",1283517695288320001,Elliot Rivera,,,False,41,520,4415,,,,0,,False,0,False,en
2021-04-27 07:25:49,1386944657033150468,RT @JamesNavaCom: El respaldo del presidente Trump es el mÃ¡s fuerte que hay en polÃ­tica actualmente. Las encuestas muestran que cuando el pâ€¦,"<a href=""http://twitter.com/download/android"" rel=""nofollow"">Twitter for Android</a>",1176553224272338945,Jose G Lanz: all we are trump now-!,"Florida, USA",,False,286,598,9284,,,,0,,False,0,False,es
2021-04-27 07:25:49,1386944658928922624,RT @Mahesh25319: @Telugu360 Telugu360 Trump/Biden gurinchi edhaina raasthe American media mee report cite chesi akkada articles raasidhaa?â€¦,"<a href=""http://twitter.com/download/android"" rel=""nofollow"">Twitter for Android</a>",2800128409,Arun BğŸ§˜,,,False,740,192,2514,,,,0,,False,0,False,et
2021-04-27 07:25:50,1386944662640996354,"@RiftShep @BetaEtaDelota He's against gay rights despite being gay, and is horribly transphobic.

Oh yeah, and he lâ€¦ https://t.co/117nKP2uvJ","<a href=""https://mobile.twitter.com"" rel=""nofollow"">Twitter Web App</a>",338891922,R.W. RuediiğŸŒ¹ğŸâœ®â’¶ ğŸ§,,,False,76,297,13765,,,,0,,False,0,False,en
2021-04-27 07:25:51,1386944665224716288,There is a real danger that the public will turn on Garland if he does not indict Trump and his crew shortly. He muâ€¦ https://t.co/XUIIdwDb9a,"<a href=""https://mobile.twitter.com"" rel=""nofollow"">Twitter Web App</a>",814925120800223232,Baggiesman,Kington Herefordshire,,False,26539,29181,56681,,,,0,,False,0,False,en
2021-04-27 07:25:51,1386944665824337920,RT @Melaniatrumpfan: Happy Birthday Melania!!ğŸ‰â¤ï¸ @MELANIATRUMP #MelaniaTrump #Trump #melaniatrumpbirthday https://t.co/VSscAgyN8C,"<a href=""http://twitter.com/#!/download/ipad"" rel=""nofollow"">Twitter for iPad</a>",121358035,ã«ã‚ƒã‚“ã“,,,False,140,58,50523,,,,0,,False,0,False,en
2021-04-27 07:25:51,1386944666046664712,"RT @Mominsweats: @Acyn Trying to remember, how many times was Trump condemned for his lack of unity?","<a href=""http://twitter.com/download/iphone"" rel=""nofollow"">Twitter for iPhone</a>",849448663546040320,Tere,United States,,False,3071,2146,645209,,,,0,,False,0,False,en
2021-04-27 07:25:51,1386944666856300548,RT @kennethgootz: I wonder if these people realize that Trump wouldnâ€™t give them the time of day much less a hand up to help get then out oâ€¦,"<a href=""http://twitter.com/download/android"" rel=""nofollow"">Twitter for Android</a>",297318295,Joan Woolacott,At my house,,False,833,2359,48059,,,,0,,False,0,False,en
2021-04-27 07:25:52,1386944669427277826,RT @mjfree: When is Donald J. Trump going to be indicted?,"<a href=""http://twitter.com/download/iphone"" rel=""nofollow"">Twitter for iPhone</a>",885962123725094915,LovemyCountry,,,False,331,680,172346,,,,0,,False,0,False,en
2021-04-27 07:25:52,1386944673160122368,RT @davidfrum: Refuse service to people who wear Trump head gear onto your private property? Outrageous! Accost people in the public streetâ€¦,"<a href=""http://twitter.com/download/iphone"" rel=""nofollow"">Twitter for iPhone</a>",79661370,Nancy Ives,"Portland, OR",http://nancyives.com,False,792,1149,10296,,,,0,,False,0,False,en
2021-04-27 07:25:53,1386944673906843649,RT @atensnut: What happens when the Arizona Audit shows massive fraud and that Trump really won?,"<a href=""http://twitter.com/#!/download/ipad"" rel=""nofollow"">Twitter for iPad</a>",1146622212289552385,CattyPatty,,,False,255,123,34418,,,,0,,False,0,False,en
2021-04-27 07:25:53,1386944675043450882,"RT @patch_run: èˆå°ã€TRUMPã€ã‚·ãƒªãƒ¼ã‚º
Blu-rayåŒ–ãŠã‚ã§ã¨ã†ã”ã–ã„ã¾ã™â€¼ï¸

ã€SPECTERã€åˆå†æ¼”ã«ã¦
''çŸ³èˆŸ''ã¨''ã‚·ãƒ£ãƒ‰''ã‚’æ¼”ã˜ã¾ã—ãŸã€‚
ã‚·ãƒªãƒ¼ã‚ºå…¨ä½œã«æ€ã„å‡ºãŒã‚ã‚‹ã€‚

æ°¸é ã®ç¹­æœŸã®ä¸­ã§â€¦ä½•åº¦ã‚‚ä½•åº¦ã‚‚ç¾ã—ãã‚‚å„šã„ã‚ã®æ—¥ã€…ã«æƒ³ã„ã‚’é¦³ã›ã¦ã€‚â€¦","<a href=""http://twitter.com/download/android"" rel=""nofollow"">Twitter for Android</a>",4091527279,ã†ãŸã®ã‚“,å¹»è¦šã¨å¦„æƒ³ã¨å‹æ‰‹ãªè§£é‡ˆã¨å€‹äººã®ä¸»è¦³ã¨ãŸã¾ã«å‘ªè©›,,False,107,248,274143,,,,0,,False,0,False,ja
2021-04-27 07:25:53,1386944675664302080,"RT @CatalinaLauf: President Trump is still the LEADER of the GOP.

45â€™s movement and policies brought out a RECORD number of voters in 2020â€¦","<a href=""http://twitter.com/download/android"" rel=""nofollow"">Twitter for Android</a>",946442993208299522,AmericanPatriot â­ ğŸ™ğŸ‡ºğŸ‡¸,America,,False,19149,18602,78239,,,,0,,False,0,False,en
2021-04-27 07:25:53,1386944676448677889,"RT @RobNoLastName: @AngelaRayner @Conservatives It's mud slinging. The public's fed up of it.

She lived there with her husband who was worâ€¦","<a href=""http://twitter.com/#!/download/ipad"" rel=""nofollow"">Twitter for iPad</a>",1095836894,silverstrivers,,http://www.silverstrivers.blogspot.com,False,2124,930,166655,,,,0,,False,0,False,en
2021-04-27 07:25:53,1386944677451030528,see you dumb cunts this is why you dont put the rights in power. you might think they will do good but youre a deluâ€¦ https://t.co/pir4QRe56r,"<a href=""http://twitter.com/download/iphone"" rel=""nofollow"">Twitter for iPhone</a>",1246588160882114561,minecraft pvp queen,16 | she/her,,False,17,193,4712,,,,0,,False,0,False,en
2021-04-27 07:25:55,1386944682672807940,"RT @kirika70: ã“ã‚Œã¯ç„¡æ–™é…ä¿¡ã€Œã¯ã˜ã‚ã¦ã®ç¹­æœŸã€ã«å‘ã‘ã¦ä½œã£ãŸTRUMPã‚·ãƒªãƒ¼ã‚ºã®å‹æ‰‹ãªãƒ—ãƒ¬ã‚¼ãƒ³ã§ã™ã€‚ã‚­ãƒ£ã‚¹ãƒˆã‚ãŸã‚Šã®å°ã•ã„æ–‡å­—ã¯èª­ã¿ã«ãã„ã‹ã‚‚ã€‚
é…ä¿¡URLãªã©è©³ã—ãã¯å…¬å¼è¨˜äº‹ã‚’ã©ã†ãã€‚â†’https://t.co/XR4QxgJ9F5
ã“ã“ã«ã¯æ›¸ã„ã¦ã„ã¾ã›ã‚“ãŒLIâ€¦","<a href=""https://mobile.twitter.com"" rel=""nofollow"">Twitter Web App</a>",1272712063760994304,HO,,,False,616,104,666,,,,0,,False,0,False,ja
2021-04-27 07:25:55,1386944684572950530,Johnson's Tory Party has striking similarities with Trump's Republican Party not least when senior figures are prepâ€¦ https://t.co/S6m1HsYjuR,"<a href=""https://mobile.twitter.com"" rel=""nofollow"">Twitter Web App</a>",323809872,Cllr John Ferrett,"Southsea, England",,False,2540,1046,26588,,,,0,,False,0,False,en
2021-04-27 07:25:56,1386944686506483715,"RT @trump_pony: ï¼ 
#TRUMPã‚·ãƒªãƒ¼ã‚º Blu-rayğŸ§›
6/16(æ°´)ã‹ã‚‰8ãƒ¶æœˆé€£ç¶šãƒªãƒªãƒ¼ã‚¹â£ï¸ 
ï¼¼

ã€ŒTRUMP series Blu-ray Revivalã€ç™ºå£²æ±ºå®šï¼ï¼
ã€Œç¾éº—ãªèˆå°ã‚’Blu-rayã§è¦‹ãŸã„ã€ã¨ã„ã†å£°ã«ãŠå¿œãˆã—ã€ãƒãƒ‹ãƒ¼ã‚­ãƒ£ãƒ‹ã‚ªãƒ³ã§â€¦","<a href=""http://twitter.com/download/android"" rel=""nofollow"">Twitter for Android</a>",4091527279,ã†ãŸã®ã‚“,å¹»è¦šã¨å¦„æƒ³ã¨å‹æ‰‹ãªè§£é‡ˆã¨å€‹äººã®ä¸»è¦³ã¨ãŸã¾ã«å‘ªè©›,,False,107,248,274143,,,,0,,False,0,False,ja
2021-04-27 07:25:57,1386944690268876802,"RT @elpais_america: âš¡ï¸ 100 dÃ­as de Biden, un profundo cambio de rumbo en Estados Unidos

El presidente de EE UU ha querido dejar claro la dâ€¦","<a href=""http://twitter.com/download/android"" rel=""nofollow"">Twitter for Android</a>",53995522,Cyntia Macias,"aguascalientes, mx",,False,3761,2356,7389,,,,0,,False,0,False,es
2021-04-27 07:25:57,1386944692634497024,RT @Nigel_Farage: Just caught up with my old friend Donald Trump at Mar-a-Lago. He looks fit and well.,"<a href=""http://twitter.com/download/android"" rel=""nofollow"">Twitter for Android</a>",244961236,PhilğŸ‡¬ğŸ‡§ğŸ´ó §ó ¢ó ¥ó ®ó §ó ¿ğŸ´ó §ó ¢ó ³ó £ó ´ó ¿ğŸ´ó §ó ¢ó ·ó ¬ó ³ó ¿,South Shields,,False,2535,4372,102477,,,,0,,False,0,False,en
2021-04-27 07:27:49,1386945162056634369,"Every time I open the app, Iâ€™m just chasing the dragon of the week we thought trump was going to die of covid.","<a href=""http://twitter.com/download/iphone"" rel=""nofollow"">Twitter for iPhone</a>",40364924,Jana,"A bathtub, Los Angeles, CA",,False,752,1018,43204,,,,0,,False,0,False,en
2021-04-27 07:27:50,1386945164627779584,"RT @ACTBrigitte: After 8 years of Obama, Donald J Trump ran for President and saved America in just 4 years.

Now Joe Biden has this nationâ€¦","<a href=""http://twitter.com/#!/download/ipad"" rel=""nofollow"">Twitter for iPad</a>",1372726441876463619,@olddevildog,,,False,405,841,1966,,,,0,,False,0,False,en
2021-04-27 07:27:50,1386945168184578049,@garlicredd @Salon @jonnyboycali Trump's not a billionaire.,"<a href=""http://twitter.com/download/android"" rel=""nofollow"">Twitter for Android</a>",491618772,Raw,,,False,3,133,34644,,,,0,,False,0,False,en
2021-04-27 07:27:51,1386945168448892935,@tonline @vonderleyen @CharlesMichel @RTErdogan @Europarl_DE Merkel hat ja auch eine Ã¤hnliche Situation mit Trump dâ€¦ https://t.co/PO7RJKTZo6,"<a href=""https://mobile.twitter.com"" rel=""nofollow"">Twitter Web App</a>",157681447,Ralf Becker,Dresden,,False,4,23,299,,,,0,,False,0,False,de
2021-04-27 07:27:51,1386945168528510978,"@jornalextra Quando era o Trump era banimento, agora Ã© censura.......ğŸ¤”","<a href=""http://twitter.com/download/android"" rel=""nofollow"">Twitter for Android</a>",1227936523716304896,Leandro Pereira,,,False,27,119,10103,,,,0,,False,0,False,pt
2021-04-27 07:27:51,1386945170583740419,RT @TheValuesVoter: Romney won the county by 10.6 points in 2012. Trump won Maricopa by a relatively puny 2.8 points in 2016 - a 7.8 pointâ€¦,"<a href=""http://twitter.com/download/android"" rel=""nofollow"">Twitter for Android</a>",1259499832105984000,LadağŸ’™centrist Liberal/moderate DemocratğŸ’™Atheistâ¤,Earth Is My HomeğŸ’™ğŸ’™ğŸŒğŸŒğŸŒğŸ’™ğŸ’™,https://mobile.twitter.com/Geekprincess18,False,419,1279,15335,,,,0,,False,0,False,en
2021-04-27 07:27:51,1386945170927755267,"RT @danhill2011: Liz Cheney says the Leader of the Republican Party is Mitch McConnell &amp; Kevin McCarthy.

I say the leader of the party isâ€¦","<a href=""http://twitter.com/download/iphone"" rel=""nofollow"">Twitter for iPhone</a>",921857138150051840,Joseph R,,,False,1522,1653,24922,,,,0,,False,0,False,en
2021-04-27 07:27:51,1386945171783184384,"RT @RichardGrenell: If you believed in science then you wouldnâ€™t ban fracking....
And you wouldnâ€™t make children wear masks...","<a href=""http://twitter.com/download/iphone"" rel=""nofollow"">Twitter for iPhone</a>",990064541709959170,Lisa Vâ¤ï¸ğŸ‡ºğŸ‡¸â¤ï¸,So California...Born Dec 10,,False,4010,3885,172999,,,,0,,False,0,False,en
2021-04-27 07:27:51,1386945171477118981,https://t.co/2Yxkns6qVC,"<a href=""http://twitter.com/#!/download/ipad"" rel=""nofollow"">Twitter for iPad</a>",1083858180252291076,Joseph Z (insert blue check mark here),,,False,3002,4715,47965,,,,0,,False,0,False,und
2021-04-27 07:27:51,1386945172097863680,"@RealSHIRA WÃ¤r mal ein Spass, die Bilder vom Spiegel mit dem abgeschnittenen Kopf von Trump oder als Komet mit deneâ€¦ https://t.co/6SqL7Q11lV","<a href=""http://twitter.com/download/iphone"" rel=""nofollow"">Twitter for iPhone</a>",860199996,Elias Gutkin,Schweiz,,False,158,205,9112,,,,0,,False,0,False,de
2021-04-27 07:27:53,1386945177001005056,RT @ducksinmypool: @Acyn Kevin McCarthy is rewriting what happened January 6th as Nancy Pelosiâ€™s fault and that Trump tried to stop it. I hâ€¦,"<a href=""http://twitter.com/download/android"" rel=""nofollow"">Twitter for Android</a>",842495095572238338,An Win,,,False,11408,11587,62597,,,,0,,False,0,False,en
2021-04-27 07:27:53,1386945178078957568,"@the_hindu Its vile...and not even ""America First"" as libs claim, trying to mock Trump, as its easy for us to makeâ€¦ https://t.co/3wfu1hpuGa","<a href=""https://mobile.twitter.com"" rel=""nofollow"">Twitter Web App</a>",922291946,Susan Lane,,,False,580,839,21929,,,,0,,False,0,False,en
2021-04-27 07:27:53,1386945179601424387,Donald Trump:  https://t.co/6glV7IS8Qw,"<a href=""http://twitter.com/download/iphone"" rel=""nofollow"">Twitter for iPhone</a>",1352440061514551296,Drag Doll ğŸ‘‘,California,,False,506,4995,5063,,,,0,,False,0,False,en
2021-04-27 08:06:24,1386954873246158850,"RT @mschlapp: Dear Oscar, doesnâ€™t @CPAC deserve an Oscar for getting more than 3 Xâ€™s the viewership w Pres Trump than you got for your wokeâ€¦","<a href=""http://twitter.com/#!/download/ipad"" rel=""nofollow"">Twitter for iPad</a>",1147276890,Misty Bella,,,False,1612,2521,141486,,,,0,,False,0,False,en
2021-04-27 08:06:25,1386954875578236929,"RT @RealCandaceO: Imagine if President Donald Trump used taxpayer money to buy his own books to give out to foreigners. 

That is exactly wâ€¦","<a href=""http://twitter.com/download/iphone"" rel=""nofollow"">Twitter for iPhone</a>",3011327783,Julie Lindquist,"Minnesota, USA",,False,67,396,46480,,,,0,,False,0,False,en
2021-04-27 08:06:25,1386954875964067843,RT @ArtValley818_: Bill and Hillary Clinton were frequent guests at 'Jeffrey Epstein's New Mexico ranch ğŸ¤”  https://t.co/1BEMP01EX1,"<a href=""http://twitter.com/download/iphone"" rel=""nofollow"">Twitter for iPhone</a>",305223536,Jane,"Texas, USA",,False,48,251,6731,,,,0,,False,0,False,en
2021-04-27 08:06:26,1386954881722986496,RT @svdate: Can't help but wonder what might have been if Trump had spent billions of US taxpayer dollars on helping make Central Americanâ€¦,"<a href=""https://mobile.twitter.com"" rel=""nofollow"">Twitter Web App</a>",1250428474898055169,Aunt Ifa,,,False,192,650,3499,,,,0,,False,0,False,en
2021-04-27 08:06:26,1386954881504669696,@1extremelady2 @Raven6966 @JakeLobin I know right??? Still MAD that Trump LOST AND WILL ALWAYS BE A LOSER. https://t.co/h6YJrjgJJL,"<a href=""http://twitter.com/download/android"" rel=""nofollow"">Twitter for Android</a>",15723895,Conchita Leeflang,"Beverly Hills, California",,False,15614,943,9062,,,,0,"{'id': '3b77caf94bfc81fe', 'url': 'https://api.twitter.com/1.1/geo/id/3b77caf94bfc81fe.json', 'place_type': 'city', 'name': 'Los Angeles', 'full_name': 'Los Angeles, CA', 'country_code': 'US', 'country': 'United States', 'bounding_box': {'type': 'Polygon', 'coordinates': [[[-118.668404, 33.704538], [-118.668404, 34.337041], [-118.155409, 34.337041], [-118.155409, 33.704538]]]}, 'attributes': {}}",False,0,False,en
2021-04-27 08:06:26,1386954882175836161,Can we just skip all this bad news and go to the part where everyone has been vaccinated against COVID and Trump is in prison?,"<a href=""https://mobile.twitter.com"" rel=""nofollow"">Twitter Web App</a>",588755245,Thomas Gaetano Giglione,"Toronto, Ontario Canada ",http://carboncreditsgroup.com,False,164,967,145,,,,0,,False,0,False,en
2021-04-27 08:06:27,1386954883996213250,"RT @estadoisrael: El topo de IrÃ¡n
Durante los aÃ±os de Trump, Kerry mantuvo repetidamente reuniones no autorizadas con los iranÃ­es para socaâ€¦","<a href=""http://twitter.com/download/android"" rel=""nofollow"">Twitter for Android</a>",1403411917,Jhonny garcuar,Venezuela,,False,1513,2810,60402,,,,0,,False,0,False,es
2021-04-27 08:06:27,1386954884638027777,RT @MrMichaelBurkes: President Trump warned us about John Kerry. He was right again.,"<a href=""http://twitter.com/download/android"" rel=""nofollow"">Twitter for Android</a>",340693531,WayneReinert,"Lenhartsville, PA",,False,1175,4873,16812,,,,0,,False,0,False,en
2021-04-27 08:06:27,1386954885959016448,@LGillon2 @TlSidlo @bhweingarten @seanmdav You must have missed the part where there was so much FISA abuse going oâ€¦ https://t.co/P6nMSJNPY3,"<a href=""http://twitter.com/download/android"" rel=""nofollow"">Twitter for Android</a>",1083490960842010625,Kim,No DMs,,False,1451,2787,21278,,,,0,,False,0,False,en
2021-04-27 08:06:28,1386954888962260994,RT @OlgaNYC1211: I'm only seeing it in Russian press but would love to verify w someone in Czech Republic. Also this should have been doneâ€¦,"<a href=""http://twitter.com/download/android"" rel=""nofollow"">Twitter for Android</a>",42374153,Glen Mexted,london,http://www.airstudios.com,False,912,1002,157573,,,,0,,False,0,False,en
2021-04-27 08:06:28,1386954889968832512,@harveymilkclub @TuckerCarlson @TheJusticeDept @UN @ACLU @FCC @fbi should have already put at stop too the hate proâ€¦ https://t.co/Su0beWE6bR,"<a href=""http://twitter.com/download/android"" rel=""nofollow"">Twitter for Android</a>",751122719698071553,Rose #joewontkillyou #BlackLivesMatter,"Washington, USA",,False,26266,26915,214604,,,,0,,False,0,False,en
2021-04-27 08:06:29,1386954891835416576,"RT @AriBerman: Only reason Florida Republicans undermining mail voting, even though Trump &amp; DeSantis used &amp; praised it, is because more Demâ€¦","<a href=""http://twitter.com/download/android"" rel=""nofollow"">Twitter for Android</a>",180811300,Philip Burgess,"London, England",,False,2478,2558,40962,,,,0,,False,0,False,en
2021-04-27 08:06:29,1386954892309417985,@DeanBerisha @Onzie77 @ThePiedP1per Ali went to a other Trump rallies too bro,"<a href=""http://twitter.com/download/iphone"" rel=""nofollow"">Twitter for iPhone</a>",1382959387388604417,mellon follie,,,False,7,39,1515,,,,0,,False,0,False,en
2021-04-27 08:06:29,1386954893412425728,@solariasqueenn @sarahtoneing @screamoutordrwn https://t.co/dni0qEc7Rm,"<a href=""http://twitter.com/download/iphone"" rel=""nofollow"">Twitter for iPhone</a>",1361413540318445570,shantelle simoneğŸ§·,mermaid motel,,False,499,519,42043,,,,0,,False,0,False,und
2021-04-27 08:06:29,1386954894775619584,"RT @fikret_bila: Yeni TÃ¼rkiye, Bidenâ€™a anÄ±nda cevap veremedi, Trumpâ€™a veremediÄŸi gibi, Ã§Ã¼nkÃ¼ yeni TÃ¼rkiye eski TÃ¼rkiyeâ€™den gÃ¼Ã§lÃ¼ deÄŸil aksiâ€¦","<a href=""http://twitter.com/download/android"" rel=""nofollow"">Twitter for Android</a>",821020085854806017,Ataberk the pancake,,https://instagram.com/ataberkcng?igshid=1kbxgmys3hoqt,False,140,178,24101,,,,0,,False,0,False,tr
2021-04-27 08:07:05,1386955042490490884,RT @glennkirschner2: Trump Organization CFO Weisselberg Offers One of the Worst Excuses/Defenses Ever: â€œLegality is Not Really My Thing.â€htâ€¦,"<a href=""https://mobile.twitter.com"" rel=""nofollow"">Twitter Web App</a>",2638598910,TRYING TO STAY POSITIVE ğŸ’œğŸ’œğŸ’œ,Everyday is Groundhog Day!!!,,False,5748,5915,83934,,,,0,,False,0,False,en
2021-04-27 08:07:05,1386955044122210305,"RT @RealCandaceO: Imagine if President Donald Trump used taxpayer money to buy his own books to give out to foreigners. 

That is exactly wâ€¦","<a href=""http://twitter.com/download/iphone"" rel=""nofollow"">Twitter for iPhone</a>",1102169882412703744,pa,,,False,64,1249,44810,,,,0,,False,0,False,en
2021-04-27 08:07:06,1386955047271997441,"RT @bepac: it is terrifying how many boomer  liberals genuinely consider trump the worst president in all of u.s history
........**all of uâ€¦","<a href=""https://mobile.twitter.com"" rel=""nofollow"">Twitter Web App</a>",779043187910250496,You,he / him,,False,262,737,20089,,,,0,,False,0,False,en
2021-04-27 08:07:07,1386955052930125830,RT @writerbxtch: It wasnâ€™t in good faith lol,"<a href=""http://twitter.com/download/iphone"" rel=""nofollow"">Twitter for iPhone</a>",35544704,aijuswannadrink,"Los Angeles, CA",,False,626,538,47675,,,,0,,False,0,False,en
2021-04-27 08:07:07,1386955053160927234,"RT @kyledcheney: McCarthyâ€™s rewrite of the Jan. 6 history â€” that House Rs only challenged two states, not enough to change the outcome â€” erâ€¦","<a href=""http://twitter.com/download/android"" rel=""nofollow"">Twitter for Android</a>",872173436,dwjouski,,,False,8,115,39,,,,0,,False,0,False,en
2021-04-27 08:07:08,1386955056935673858,"RT @shotaro_okubo: #TRUMPã‚·ãƒªãƒ¼ã‚º
Blu-rayãŒ8ãƒ¶æœˆé€£ç¶šãƒªãƒªãƒ¼ã‚¹ã€‚

8ä½œå“ä¸­ã€5ä½œå“ã«å‡ºæ¼”ã—ã¦ã¾ã™ã€‚

#D2 #Dã‚¹ãƒ† ã€Œ#TRUMPã€#TRUTH
#D2 #Dã‚¹ãƒ† ã€Œ#TRUMPã€#REVERSE
#ãƒ”ãƒ¼ã‚¹ãƒ’ãƒƒãƒˆã€Œ#ã‚°ãƒ©ãƒ³ã‚®ãƒ‹ãƒ§ãƒ«ã€
#COâ€¦","<a href=""http://www.twitpane.com"" rel=""nofollow"">TwitPane for Android</a>",321336254,ä¸˜,,,False,127,249,6177,,,,0,,False,0,False,ja
2021-04-27 08:07:08,1386955058412064769,"RT @suemitsu: TRUMPã‚·ãƒªãƒ¼ã‚ºãŒéšæ™‚Blu-rayåŒ–æ±ºå®šã€‚å…¨ã¦TRMNã•ã‚“ã«ã‚ˆã‚‹æ–°ã‚¸ãƒ£ã‚±ãƒƒãƒˆã€‚ç¬¬ä¸€å¼¾ã¯Dã‚¹ãƒ†ç‰ˆã€TRUMPã€ã®TRUTH verã¨REVERSE verã€‚ä¿ºã®ç¹­æœŸã¯12å¹´å‰ã€åˆæ¼”ã®è„šæœ¬ã‚’æ›¸ãå§‹ã‚ãŸã‚ãŸã‚Šã‹ã‚‰ã ã‚ã†ã‹ã€‚
#ã‚ãªãŸã®ç¹­æœŸã¯ã©ã“ã‹ã‚‰
#â€¦","<a href=""http://twitter.com/download/iphone"" rel=""nofollow"">Twitter for iPhone</a>",974047493217402880,ENENï¿¥,JJãƒ—ãƒ¬ã‚¤é †â–¶ï¸ä¸–â‡¨ä¸–â‡¨ç¹”â‡¨é«˜â‡¨ä¸–â‡¨ç™½â‡¨ç¦â‡¨æ ¹Now,,False,24,309,25608,,,,0,,False,0,False,ja
2021-04-27 08:07:08,1386955058449772550,RT @HooterG: https://t.co/5JxqyGPagu,"<a href=""http://twitter.com/download/android"" rel=""nofollow"">Twitter for Android</a>",3126174459,Jim Nielsen,"Iowa, USA",,False,1969,3032,112314,,,,0,,False,0,False,und
2021-04-27 08:07:09,1386955059783561217,RT @robreiner: The longer the Republicans continue to blow smoke up Trumpâ€™s ass perpetuating the Big Lie; the longer he is held unaccountabâ€¦,"<a href=""http://twitter.com/download/iphone"" rel=""nofollow"">Twitter for iPhone</a>",16790637,tiredliberal,In Trumps Hell on Earth,,False,198,1472,17266,,,,0,,False,0,False,en
2021-04-27 08:07:09,1386955060031234050,"RT @DaveWhiteIII: @atensnut Some say Hilary won in â€˜16, others say Trump won in â€˜20. Most acknowledge voter fraud exists. Think maybe we shâ€¦","<a href=""http://twitter.com/#!/download/ipad"" rel=""nofollow"">Twitter for iPad</a>",1146622212289552385,CattyPatty,,,False,255,123,34449,,,,0,,False,0,False,en
2021-04-27 08:07:10,1386955063596359681,"RT @BombshellDAILY: JOE ON DAY 100
* 229 Million vaccinated 
* Passed $1.9T stimulus
* Immigration revamp
* Ended Afghan war
* Climate summâ€¦","<a href=""http://twitter.com/download/iphone"" rel=""nofollow"">Twitter for iPhone</a>",566784917,Larry Stempler,"Livingston, NJ",http://stemplerlaw.com,False,1160,3011,55298,,,,0,,False,0,False,en
2021-04-27 08:07:10,1386955064082903040,RT @armygir36701799: @ilDonaldoTrumpo ğŸ˜‚ğŸ˜‚ğŸ˜‚ğŸ˜‚ğŸ˜‚GROW A SET!!! Damn go to Trump school pony boy!,"<a href=""https://mobile.twitter.com"" rel=""nofollow"">Twitter Web App</a>",505918122,Scarlatti Bombatti/GAB.ai Scarlatti Bombatti,in EUROPA,,False,2733,4694,150108,,,,0,,False,0,False,en
2021-04-27 08:07:12,1386955072354066432,RT @Demokracio: @OlgaNYC1211 I really want Trump to be charged and punished as a precedent of the traitors like Zeman et al. I believe it wâ€¦,"<a href=""http://twitter.com/download/android"" rel=""nofollow"">Twitter for Android</a>",42374153,Glen Mexted,london,http://www.airstudios.com,False,912,1002,157576,,,,0,,False,0,False,en
2021-04-27 08:07:12,1386955073901768707,"RT @leonline2000: Ministro de Asuntos Exteriores IranÃ­ dice John Kerry le dijo de operaciones encubiertas de Israel en Siria.

SÃ­. El mismoâ€¦","<a href=""http://twitter.com/download/android"" rel=""nofollow"">Twitter for Android</a>",1228562810231238662,richarmanzano3,,,False,610,1727,19441,,,,0,,False,0,False,es
2021-04-27 08:07:12,1386955075034042369,"RT @MSNBC: New York Times Magazine's Robert Draper says Rep. Cheney believes the Republican Party ""cannot be a viable party unless it renouâ€¦","<a href=""http://twitter.com/download/android"" rel=""nofollow"">Twitter for Android</a>",1153390942851719168,Retrievergirl,,,False,12,72,1852,,,,0,,False,0,False,en
2021-04-27 08:07:13,1386955077861003267,"RT @glennkirschner2: Whatâ€™s going on right now in Arizona is not a recount, itâ€™s not an audit. Itâ€™s a Trump rally.","<a href=""https://mobile.twitter.com"" rel=""nofollow"">Twitter Web App</a>",2638598910,TRYING TO STAY POSITIVE ğŸ’œğŸ’œğŸ’œ,Everyday is Groundhog Day!!!,,False,5748,5915,83935,,,,0,,False,0,False,en
2021-04-27 08:15:57,1386957276703969282,"@SenSchumer Yes, how do you think happened? Trump got the ball rolling and contracts made, supplied and committed to.","<a href=""https://mobile.twitter.com"" rel=""nofollow"">Twitter Web App</a>",52662684,Bruce Crumley,,http://www.executiveandhrguidance.blogspot.com,False,94,292,11277,,,,0,,False,0,False,en
2021-04-27 08:15:58,1386957279229095937,Sen. Blackburn: John Kerry 'should seriously consider resignation' if Israeli intel leak 'is accurate'â€¦ https://t.co/6VNvPxm4pY,"<a href=""https://mobile.twitter.com"" rel=""nofollow"">Twitter Web App</a>",1188181644,J. Garner,West Hell,,False,0,7,9,,,,0,,False,0,False,en
2021-04-27 08:15:59,1386957283222036481,"RT @EscanorThe2nd: Wtf is happening 101ğŸ‘‡ğŸ»

Trump
Putin 
Narendra Modi
&amp; Xi (the last one I have most troubles with)
Are working together toâ€¦","<a href=""http://twitter.com/download/android"" rel=""nofollow"">Twitter for Android</a>",478976173,ğŸ¸â¬¡ğŸ‡³ğŸ‡±D.K.ğŸŒŠğŸµğŸ¶,Nederland,,False,522,918,27598,,,,0,,False,0,False,en
2021-04-27 08:16:00,1386957286019452932,@hilal_kaplan @YouTube https://t.co/oo36DwxXJe,"<a href=""http://twitter.com/download/iphone"" rel=""nofollow"">Twitter for iPhone</a>",1558670312,Vakkas Sucu,World,,False,77,513,60110,,,,0,,False,0,False,und
2021-04-27 08:16:03,1386957298585722880,"Trump Isnâ€™t President, But The Left Is Still Blaming Him For Everything

In advance of this weekâ€™s State of the Uniâ€¦ https://t.co/20pWOy5uf3","<a href=""http://twitter.com/#!/download/ipad"" rel=""nofollow"">Twitter for iPad</a>",1372786812,Tim Gradous,Home of The MASTERS â›³ï¸,,False,61508,27095,319510,,,,0,,False,0,False,en
2021-04-27 08:16:03,1386957301446283266,"RT @Liz_Wheeler: Remember that time Trump posed for a photo with Kim Jong Un &amp; the left accused Trump of betraying the free world?

But wheâ€¦","<a href=""http://twitter.com/download/android"" rel=""nofollow"">Twitter for Android</a>",1266128082,Nitro Zeus,,,False,223,1676,53878,,,,0,,False,0,False,en
2021-04-27 08:16:15,1386957349764669440,RT @Nigel_Farage: Just caught up with my old friend Donald Trump at Mar-a-Lago. He looks fit and well.,"<a href=""http://twitter.com/download/android"" rel=""nofollow"">Twitter for Android</a>",1151507820,ted bear,,,False,1942,4562,62644,,,,0,,False,0,False,en
2021-04-27 08:16:17,1386957357192728576,"RT @seattleYLF: The largest group of cops from one city to attend the coup attempt on january 6th came from SPD, theyâ€™ve now been identifieâ€¦","<a href=""http://twitter.com/download/iphone"" rel=""nofollow"">Twitter for iPhone</a>",1145404253806182400,All Out DC,Piscataway Territory (DC),https://linktr.ee/alloutdc,False,7567,420,3536,,,,0,,False,0,False,en
2021-04-27 08:16:17,1386957359990333445,"RT @glennkirschner2: Whatâ€™s going on right now in Arizona is not a recount, itâ€™s not an audit. Itâ€™s a Trump rally.","<a href=""http://twitter.com/download/android"" rel=""nofollow"">Twitter for Android</a>",1648133851,It'sPronouncedAzaleas,,,False,548,783,2529,,,,0,,False,0,False,en
2021-04-27 08:16:18,1386957362993446920,RT @Chicago1Ray: Gotta admit Biden is good at one thing he knows how to make Trump look good,"<a href=""http://twitter.com/download/iphone"" rel=""nofollow"">Twitter for iPhone</a>",449953496,âŒLulu CabezaâŒğŸ™ğŸ¼â­ï¸ğŸ‡±ğŸ‡·â­ï¸ğŸ¦…,,,False,2230,3658,80127,,,,0,,False,0,False,en
2021-04-27 08:16:18,1386957363094171653,RT @andycorneys: Americans &amp; the world now see Trump for the dick he was. The same will be true for Johnson &amp; the sooner the better.,"<a href=""http://twitter.com/download/android"" rel=""nofollow"">Twitter for Android</a>",121742958,Sonia,London (UK),,False,2133,3202,14765,,,,0,,False,0,False,en
2021-04-27 08:16:18,1386957363870146561,RT @thedailybeast: Donald Trump has told associates heâ€™s so angry about Doug Ducey not overturning the Arizona election results that heâ€™d câ€¦,"<a href=""http://twitter.com/download/android"" rel=""nofollow"">Twitter for Android</a>",45483436,My(REAL)TruthNotUrs,"Atlanta, GA",,False,767,2635,63070,,,,0,,False,0,False,en
2021-04-27 08:16:19,1386957367087009793,"RT @MeidasTouch: You can be pro-America and you can be pro-Trump, but you cannot be both.","<a href=""http://twitter.com/download/android"" rel=""nofollow"">Twitter for Android</a>",405376101,Constance Sherrill,,,False,689,3416,88205,,,,0,,False,0,False,en
2021-04-27 08:16:19,1386957368806813697,RT @greg_price11: The fact that Bill Clinton having Epstein and Ghislaine Maxwell to the White House during his presidency was a story brokâ€¦,"<a href=""http://twitter.com/download/iphone"" rel=""nofollow"">Twitter for iPhone</a>",2557532022,Sarah Leverton,,,False,4015,4721,57261,,,,0,,False,0,False,en
2021-04-27 08:16:21,1386957376587280384,RT @_ROB_29: Never thought I could miss a person I had never met but man I miss President Trump.,"<a href=""https://mobile.twitter.com"" rel=""nofollow"">Twitter Web App</a>",1091262596634824704,charles maly,"North Carolina, USA",,False,2744,3455,50026,,,,0,,False,0,False,en
2021-04-27 08:16:23,1386957383549612034,"RT @NotGeauxGabby: Folks was on the roof of they houses for DAYS. People kids went missing with rescuers and were never found, people commiâ€¦","<a href=""http://twitter.com/download/iphone"" rel=""nofollow"">Twitter for iPhone</a>",3317395980,babybluğŸŒ™,Litty City,https://onlyfans.com/sapphiredavis,False,93,323,33766,,,,0,,False,0,False,en
2021-04-27 08:16:24,1386957387844579329,RT @MysterySolvent: Trump rigged the Census.,"<a href=""http://twitter.com/download/android"" rel=""nofollow"">Twitter for Android</a>",405376101,Constance Sherrill,,,False,689,3416,88206,,,,0,,False,0,False,en
2021-04-27 08:16:25,1386957391619571712,"USA: Ehemaliger Trump-Berater warnt, Joe Biden wolle Â»pflanzliches BierÂ« einfÃ¼hren","<a href=""https://ifttt.com"" rel=""nofollow"">IFTTT</a>",626302660,Manfred Gantner,Rheinstetten bei Karlsruhe,http://taschenlampe-led.eu,False,81,55,0,,,,0,,False,0,False,de
2021-04-27 08:16:25,1386957392206876675,@mommadragon4 @RyanGrant25 @Crystal85087337 Hillary Clinton..,"<a href=""https://mobile.twitter.com"" rel=""nofollow"">Twitter Web App</a>",1379514335823720449,As Sholeman,,,False,3,9,22,,,,0,,False,0,False,en
2021-04-27 08:16:26,1386957395226660864,RT @HighTechWriter: @thehill Trump thought he owned â€œmy little Amyâ€ and other Supreme Court conservatives. What an outstanding surprise theâ€¦,"<a href=""http://twitter.com/download/android"" rel=""nofollow"">Twitter for Android</a>",1352975721237508098,Concerned ğŸ’¥,,,False,11,159,283,,,,0,,False,0,False,en
2021-04-27 08:16:26,1386957396098969601,"@BlxckedRaw what if she got head like teanna trump, you still cheating on her?","<a href=""http://twitter.com/download/iphone"" rel=""nofollow"">Twitter for iPhone</a>",1254020110295031815,fungi,drugstore,,False,1610,1539,25425,,,,0,,False,0,False,en
2021-04-27 08:16:26,1386957398464626694,RT @averagepunter_: @the_red_heifer I walked into a pub after work one day to take a piss and halfway through someone started talking in onâ€¦,"<a href=""http://twitter.com/download/android"" rel=""nofollow"">Twitter for Android</a>",105459936,Brendan Johnson,"Penrith, Australia",,False,1573,1853,592,,,,0,,False,0,False,en
2021-04-27 08:16:27,1386957401623080962,RT @mjfree: When is Donald J. Trump going to be indicted?,"<a href=""https://mobile.twitter.com"" rel=""nofollow"">Twitter Web App</a>",122694683,Michael R Humphreys,Spring Hill Fl+Cornwall UK,,False,15,33,13335,,,,0,,False,0,False,en
2021-04-27 08:16:27,1386957402747019265,"Marjorie Taylor Greene Says Republicans 'Stupid' to Not Invite Trump to GOP Retreat https://t.co/ecKzZWjabk ""Margorâ€¦ https://t.co/9mCCmqSdMt","<a href=""https://mobile.twitter.com"" rel=""nofollow"">Twitter Web App</a>",879462361291259904,Timothy S.Dolby,"Colorado, USA",,False,163,4559,1989,,,,0,,False,0,False,en
2021-04-27 08:16:28,1386957403409637376,"RT @dikkii: 'Plant-based beer'. ğŸ¤£
https://t.co/jyShpu0PlK","<a href=""https://mobile.twitter.com"" rel=""nofollow"">Twitter Web App</a>",9869982,Greg Battye,Canberra,,False,127,266,1902,,,,0,,False,0,False,en
2021-04-27 08:16:28,1386957404168990722,@FrankTh86697849 @LuisMartinezGIF @janick_klossner @akf3_5 Leider sind Dick Cheney und Donald Trump auch entfernte Verwandteâ€¦ğŸ˜³ğŸ¤¦ğŸ»â€â™‚ï¸,"<a href=""http://twitter.com/#!/download/ipad"" rel=""nofollow"">Twitter for iPad</a>",54962843,Nicholas Fliess â˜˜ï¸,Switzerland,,False,180,259,24034,,,,0,,False,0,False,de
2021-04-27 08:16:28,1386957407377522691,RT @greg_price11: The fact that Bill Clinton having Epstein and Ghislaine Maxwell to the White House during his presidency was a story brokâ€¦,"<a href=""http://twitter.com/download/iphone"" rel=""nofollow"">Twitter for iPhone</a>",1106052753338458113,JMP77 â“‹,"Melbourne, Victoria",,False,266,412,78558,,,,0,,False,0,False,en
2021-04-27 08:16:29,1386957407419453440,RT @PhyllisSilver: Hey trump.  You forgot to tell the Cyber Ninjas how many votes you need to beat @JoeBiden  like you did in GA.,"<a href=""http://twitter.com/download/iphone"" rel=""nofollow"">Twitter for iPhone</a>",16959983,jodylecompte,"Albuquerque, NM",,False,557,3306,19908,,,,0,,False,0,False,en
2021-04-27 08:16:29,1386957410690949121,"æ¬¡ã¯ã‚¸ãƒ§ãƒ¼ã‚¸ã‚¢å·ã‹ã€œã€‚ã‚¸ãƒ§ãƒ¼ã‚¸ã‚¢ã§ã‚‚æŠ•ç¥¨ç”¨ç´™ã‚’é€ã‹ã—æ¤œæŸ»ã§å½ç‰©ã‚’é¸åˆ¥ã—ãªãŒã‚‰é›†è¨ˆã™ã‚‹ã®ã‹ãªã€‚ã‚¢ãƒªã‚¾ãƒŠå·ã®å½ç‰©ã¯ä½•æšã‹ãªã€œã€‚

ã€ã‚¢ãƒªã‚¾ãƒŠå·æ³•å»·ç›£æŸ»ã€‘ãƒˆãƒ©ãƒ³ãƒ—æ°å´è¿‘ã€ãƒ”ãƒ¼ã‚¿ãƒ¼ãƒ»ãƒŠãƒãƒ­æ°ã€Œæ¬¡ã¯ã‚¸ãƒ§ãƒ¼ã‚¸ã‚¢ã ï¼ã€ï¼ã€ŒçœŸå®Ÿã®åˆ—è»Šã¯å…ˆã«é€²ã‚“ã§â€¦ https://t.co/2i9r0qucM4","<a href=""http://twitter.com/download/iphone"" rel=""nofollow"">Twitter for iPhone</a>",92091757,é­”ï¼ˆ*Â´ãƒ¼ ï½€ *ï¼‰ç¥,ã‚¢ãƒ³ãƒ‰ãƒ­ãƒ¡ãƒ€æ˜Ÿé›²,,False,356,1210,51956,,,,0,,False,0,False,ja
2021-04-27 08:16:29,1386957411294973952,"RT @suemitsu: TRUMPã‚·ãƒªãƒ¼ã‚ºãŒéšæ™‚Blu-rayåŒ–æ±ºå®šã€‚å…¨ã¦TRMNã•ã‚“ã«ã‚ˆã‚‹æ–°ã‚¸ãƒ£ã‚±ãƒƒãƒˆã€‚ç¬¬ä¸€å¼¾ã¯Dã‚¹ãƒ†ç‰ˆã€TRUMPã€ã®TRUTH verã¨REVERSE verã€‚ä¿ºã®ç¹­æœŸã¯12å¹´å‰ã€åˆæ¼”ã®è„šæœ¬ã‚’æ›¸ãå§‹ã‚ãŸã‚ãŸã‚Šã‹ã‚‰ã ã‚ã†ã‹ã€‚
#ã‚ãªãŸã®ç¹­æœŸã¯ã©ã“ã‹ã‚‰
#â€¦","<a href=""http://twitter.com/download/android"" rel=""nofollow"">Twitter for Android</a>",923193732819689473,ãƒ¨ ãƒƒ ã‚· ãƒ¼,,,False,55,109,17746,,,,0,,False,0,False,ja
2021-04-27 08:16:30,1386957413698387968,RT @guardiannews: Republicans still orbiting Trump dark star fail to derail Bidenâ€™s first 100 days https://t.co/Tm1SjnWvrP,"<a href=""http://twitter.com/download/iphone"" rel=""nofollow"">Twitter for iPhone</a>",1193128244524068864,DaveğŸ¤˜ğŸ˜ğŸ³ï¸â€ğŸŒˆğŸ‡¨ğŸ‡¦,Sativa City BC,,False,156,1091,3722,,,,0,,False,0,False,en
2021-04-27 08:16:30,1386957415388639232,@hilal_kaplan https://t.co/oo36DwxXJe,"<a href=""http://twitter.com/download/iphone"" rel=""nofollow"">Twitter for iPhone</a>",1558670312,Vakkas Sucu,World,,False,77,513,60110,,,,0,,False,0,False,und
2021-04-27 08:16:31,1386957418698092544,"RT @BombshellDAILY: TRUMP TERRORISTS USED FLAGPOLES TO ATTACK CAPITOL
The FBI arrested Jalise and Mark Middleton at their home in Forestburâ€¦","<a href=""http://twitter.com/download/iphone"" rel=""nofollow"">Twitter for iPhone</a>",1045976040877756421,Bombshell DAILY ğŸ’£,"PLEASE, donate if you're able:",https://gogetfunding.com/TRUMP-TO-JAIL,False,75410,81656,71934,,,,0,,False,0,False,en
2021-04-27 08:16:31,1386957418853249030,RT @mjfree: When is Donald J. Trump going to be indicted?,"<a href=""http://twitter.com/download/iphone"" rel=""nofollow"">Twitter for iPhone</a>",1087885146,dmarsh,,,False,2,116,14994,,,,0,,False,0,False,en
2021-04-27 08:16:31,1386957418765062150,"Modi will win 2024 and perhaps even 2029, but ""They"" started a propaganda to destroy his international reputation aâ€¦ https://t.co/5OKZUHd5NZ","<a href=""https://mobile.twitter.com"" rel=""nofollow"">Twitter Web App</a>",1200366751852060672,Dr.K.Sing,,,False,3,14,566,,,,0,,False,0,False,en
2021-04-27 08:16:33,1386957424200929286,"RT @winterhawk1945: @NotAlexSheppard @glo_mojo They Were involved in the Dossier against Trump, Hillary Paid them , Very cozy , She is invoâ€¦","<a href=""http://twitter.com/download/iphone"" rel=""nofollow"">Twitter for iPhone</a>",785573922532057088,â¤ï¸ Dr. morning glo ğŸ‡ºğŸ‡¸ğŸ—ğŸ¨ğŸ’‡â€â™€ï¸,United States,http://paypal.me/strawizzi,False,7947,7017,25321,,,,0,,False,0,False,en
2021-04-27 08:16:33,1386957424603635713,"RT @ian59488311: And @LindseyGrahamSC @LeaderMcConnell @Jim_Jordan and @RandPaul , good golly, no wonder trump is so fat!","<a href=""http://twitter.com/#!/download/ipad"" rel=""nofollow"">Twitter for iPad</a>",2865375514,Lance, ğŸ“ France,,False,22,59,2480,,,,0,,False,0,False,en
2021-04-27 08:16:34,1386957431532670977,"RT @CatalinaLauf: My name is Catalina Lauf.

I am THE pro-Trump candidate running to take down RINO Adam Kinzinger.

Our campaigns goal isâ€¦","<a href=""http://twitter.com/download/iphone"" rel=""nofollow"">Twitter for iPhone</a>",1257219200550141953,Rebel Ro,"Leesburg, FL",,False,3187,3385,29312,,,,0,,False,0,False,en
2021-04-27 08:16:35,1386957433214541824,RT @ShawnLassiterTX: Now Donald Trump wants to throw his weight around and try to tip the scales for my opponent. Weâ€™re not going to take iâ€¦,"<a href=""http://twitter.com/download/android"" rel=""nofollow"">Twitter for Android</a>",3913575682,kloepup@gmail.com,Michigan,,False,212,1786,61371,,,,0,,False,0,False,en
2021-04-27 08:16:35,1386957433378152448,We have more vaccines than other countries. Trump had a big hand in that. A lot of conservatives are scared of theâ€¦ https://t.co/8lhKNnMteA,"<a href=""http://twitter.com/download/iphone"" rel=""nofollow"">Twitter for iPhone</a>",885072434,Dumpster Desmond,Under Central Expressway.,,False,58,155,1113,,,,0,,False,0,False,en
2021-04-27 08:16:35,1386957434883776512,RT @dremilyportermd: Who says you have to wait until 2022 to vote blue? https://t.co/lzRF9du5nT,"<a href=""https://mobile.twitter.com"" rel=""nofollow"">Twitter Web App</a>",366498596,Andy Behrman,Los Angeles,,False,82358,42126,165350,,,,0,,False,0,False,en
2021-04-27 08:16:37,1386957442173575169,RT @mjfree: When is Donald J. Trump going to be indicted?,"<a href=""http://twitter.com/#!/download/ipad"" rel=""nofollow"">Twitter for iPad</a>",1309155948,Alexandra Mertz,Canada,,False,905,4942,34304,,,,0,,False,0,False,en
2021-04-27 08:16:37,1386957443083632640,"RT @SKoshti1: #Resign_PM_Modi 
Waste of money in chandrayan in statue ğŸ—½ in namaste Trump  
In search of gold we lost diamond ğŸ’ https://t.coâ€¦","<a href=""http://twitter.com/download/android"" rel=""nofollow"">Twitter for Android</a>",1258387606842245121,à¤¶à¥à¤­à¤® à¤¯à¤¾à¤¦à¤µ,"Shikohabad, India",,False,61,49,311,,,,0,,False,0,False,en
2021-04-27 08:16:38,1386957445705211906,@rastarocket16 l'apprÃ©ciation du charisme d'une personne est assez personnelle Par exemple pour moi enfant Trump daâ€¦ https://t.co/nl6q3yY9J4,"<a href=""https://mobile.twitter.com"" rel=""nofollow"">Twitter Web App</a>",224491664,NestlÃ©Desert ğŸ”»,In a Hole with my soul,https://blazewarehouse.wordpress.com/,False,351,1542,5687,,,,0,,False,0,False,fr
2021-04-27 08:16:38,1386957445608742913,@I_n_f_o_s_e_c_ @Lesa_in_Alaska @TheLastRefuge2 Much of what happened to Trump by the intelligence community was duâ€¦ https://t.co/6DvwsYpNFU,"<a href=""http://twitter.com/#!/download/ipad"" rel=""nofollow"">Twitter for iPad</a>",759105944836005888,Natalie Clark,"Virginia, USA",,False,431,181,9740,,,,0,,False,0,False,en
2021-04-27 08:16:38,1386957446237798402,RT @APoppaBear: Melania Trump is 51 years old today. That's exactly 3 times older than Matt Gaetz is willing to pay for.,"<a href=""http://twitter.com/download/android"" rel=""nofollow"">Twitter for Android</a>",313622994,ticketyboo,,,False,415,292,64575,,,,0,,False,0,False,en
2021-04-27 08:16:38,1386957448670584835,"RT @atrupar: Kevin McCarthy refuses to answer Chris Wallace's question about whether it's true that Trump told him, ""Well Kevin, I guess thâ€¦","<a href=""https://mobile.twitter.com"" rel=""nofollow"">Twitter Web App</a>",1010034407254573056,b-2-b @betobe,,,False,1653,4991,84697,,,,0,,False,0,False,en
2021-04-27 08:16:39,1386957451010973696,@jenkins_rashard @Laura56433485 @doublec01 @nothansels @FoxNews Go back to sleep! You obviously donâ€™t understand hoâ€¦ https://t.co/thjP0ppHF4,"<a href=""http://twitter.com/download/iphone"" rel=""nofollow"">Twitter for iPhone</a>",1317378638350852096,TJ daPoet Defender of Social Justice,Kallipolis,,False,5,62,70,,,,0,,False,0,False,en
2021-04-27 08:16:40,1386957456715169792,The goats ğŸhttps://t.co/7BC2ZKkTq3,"<a href=""https://mobile.twitter.com"" rel=""nofollow"">Twitter Web App</a>",1151958019917406208,J ğŸ´ó §ó ¢ó ¥ó ®ó §ó ¿,Blighty,,False,632,1812,4991,,,,0,,False,0,False,en
2021-04-27 08:16:40,1386957456253743108,Too Much and Never Enough by Mary L. Trump is a tell-all book that opens up the Trump family to the light of day.Â Gâ€¦ https://t.co/qn2qbNCHPe,"<a href=""https://mobile.twitter.com"" rel=""nofollow"">Twitter Web App</a>",73570359,Cerridwyn,,,False,404,610,1296,,,,0,,False,0,False,en
2021-04-27 08:16:40,1386957456958541825,"RT @factandrumor: #StopRonJohnson. Liz Cheney, Ron Johnson is a seditionist for Trump. This thread covers Johnson and other #TraitorsForTruâ€¦","<a href=""http://twitter.com/download/android"" rel=""nofollow"">Twitter for Android</a>",230010614,elaine,Allover,,False,222,104,23301,,,,0,,False,0,False,en
2021-04-27 08:16:41,1386957458749497345,RT @ReinhartJochen: @donwinslow Never in my 74 years have I disliked a public figure as much as I disliked Trump. And there have been someâ€¦,"<a href=""http://twitter.com/download/iphone"" rel=""nofollow"">Twitter for iPhone</a>",2502938032,Ada Otero,"Miami, FL",,False,66,357,163541,,,,0,,False,0,False,en
2021-04-27 08:16:41,1386957461119127553,RT @atensnut: Trump Portrait Featured in Smithsonian's National Portrait Gallery https://t.co/SyHWNGuY4h,"<a href=""https://mobile.twitter.com"" rel=""nofollow"">Twitter Web App</a>",3134753532,sayonnara,,,False,28,296,16582,,,,0,,False,0,False,en
2021-04-27 08:16:42,1386957462603980802,RT @AnnieGabstonH: Trump has been out of office for a hundred days now. Why hasn't he been indicted yet?,"<a href=""http://twitter.com/download/android"" rel=""nofollow"">Twitter for Android</a>",1086270384951967744,JTWeaverğŸŒŠğŸŒŠğŸŒŠ,,,False,33156,34616,27137,,,,0,,False,0,False,en
2021-04-27 08:16:42,1386957465590276100,RT @CNNPolitics: An anti-Trump conservative group will grade Republican lawmakers on whether they undermine or uphold democracy and democraâ€¦,"<a href=""http://twitter.com/download/iphone"" rel=""nofollow"">Twitter for iPhone</a>",975132832291958784,Pat Amador,,,False,331,1354,275491,,,,0,,False,0,False,en
2021-04-27 08:16:43,1386957468677332992,@amvetsupport My son was an accomplished high school student selected as a delegate to the United States Senate Youâ€¦ https://t.co/fA6BGEPOxC,"<a href=""http://twitter.com/download/iphone"" rel=""nofollow"">Twitter for iPhone</a>",1346944330716602369,Liz Oâ€™Brien,"Rhode Island, USA",,False,823,733,39997,,,,0,,False,0,False,en
2021-04-27 08:16:43,1386957469205909504,"RT @ancienthacker: @ckmarie @AccountableGOP So many people have Trump living in their heads rent free

What a sad way to live life","<a href=""http://twitter.com/download/android"" rel=""nofollow"">Twitter for Android</a>",1375970222113492994,Jenny,"Cape Town, South Africa",,False,0,31,21,,,,0,,False,0,False,en
2021-04-27 08:16:44,1386957470988308485,"RT @ShawnLassiterTX: [Breaking] Iâ€™m Shawn Lassiter. I'm a science teacher &amp; the Democrat running for Congress to flip #TX06 blue! And yes,â€¦","<a href=""https://mobile.twitter.com"" rel=""nofollow"">Twitter Web App</a>",366498596,Andy Behrman,Los Angeles,,False,82358,42126,165350,,,,0,,False,0,False,en
2021-04-27 08:16:44,1386957472288624642,@AnaCabrera FACEBOOK BOOTED ME FOR THIS EXACT POST!...FACEBOOK HATES TRUTH...FACTS....AND ANYTHING THAT DOES NOT PRâ€¦ https://t.co/Eyye5sRon2,"<a href=""https://mobile.twitter.com"" rel=""nofollow"">Twitter Web App</a>",1383693692809060353,phill c1951,,,False,2,45,53,,,,0,,False,0,False,en
2021-04-27 08:16:44,1386957474150768643,I feel Donald Trump was better off with the nuclear codes than desi parents are with WhatsApp forwards.,"<a href=""http://twitter.com/download/android"" rel=""nofollow"">Twitter for Android</a>",1321750519883329539,Sameer Joshi,"Bengaluru South, India",https://linktr.ee/sameerjoshi,False,16,28,140,,,,0,,False,0,False,en
2021-04-27 08:16:46,1386957479842484232,"RT @Eathbound420: @ShawnLassiterTX I don't live in Texas Shawn but if I did I'd vote for anyone other than who trump likes, good luck darliâ€¦","<a href=""https://mobile.twitter.com"" rel=""nofollow"">Twitter Web App</a>",366498596,Andy Behrman,Los Angeles,,False,82358,42126,165350,,,,0,,False,0,False,en
2021-04-27 08:16:46,1386957482535395328,"RT @JuliaDavisNews: We're in the lead on Russia's list of ""unfriendly countries."" Imagine if we chose to remain ""friendly"" after everythingâ€¦","<a href=""http://twitter.com/download/android"" rel=""nofollow"">Twitter for Android</a>",511797086,Korolev Aleksandr,Almere    Nederland,,False,2095,2858,38563,,,,0,,False,0,False,en
2021-04-27 08:16:47,1386957483370029059,Why isn't the lead story about how the Trump admin pursued every and all possible means to not count #immigrants inâ€¦ https://t.co/zpi4ISG2gM,"<a href=""http://twitter.com/download/iphone"" rel=""nofollow"">Twitter for iPhone</a>",14445134,Arthur Mullen,"Connecticut, USA",https://3rdarm.biz,False,389,1068,10973,,,,0,,False,0,False,en
2021-04-27 08:16:47,1386957483483279361,RT @SethAbramson: This is just a tweet to remind everyone that Donald Trump told two Kremlin agents about secret Israeli operations in Syriâ€¦,"<a href=""http://twitter.com/download/iphone"" rel=""nofollow"">Twitter for iPhone</a>",2447366624,Joseph Vee,"Stuart, FL",,False,12684,13748,313181,,,,0,,False,0,False,en
2021-04-27 08:16:47,1386957483835486210,"RT @SebGorka: Many Happy Returns of the Day to Melania Trump, Americaâ€™s Favorite First Lady! https://t.co/cMRJB3xX92","<a href=""http://twitter.com/download/iphone"" rel=""nofollow"">Twitter for iPhone</a>",816995904993525760,AMERICAN DREAMER,United States,,False,513,540,199755,,,,0,,False,0,False,en
2021-04-27 08:16:47,1386957486909952001,"RT @CatalinaLauf: My name is Catalina Lauf.

I am THE pro-Trump candidate running to take down RINO Adam Kinzinger.

Our campaigns goal isâ€¦","<a href=""http://twitter.com/download/iphone"" rel=""nofollow"">Twitter for iPhone</a>",4827974440,Kim Smith,,,False,307,1169,60353,,,,0,,False,0,False,en
2021-04-27 08:16:47,1386957486637395968,"Hur lÃ¤nge kommer rÃ¤ttegÃ¥ngar att driva #Apple?
#BoycottiPhone
#iPhone
#Bill_Gates #Tesla #Trump https://t.co/1yZ2v5q9UU","<a href=""https://mobile.twitter.com"" rel=""nofollow"">Twitter Web App</a>",1464386101,BUP Se,,,False,45,0,5,,,,0,,False,0,False,sv
2021-04-27 08:16:49,1386957491301351426,"RT @CatalinaLauf: Fake Republican Adam Kinzinger wonâ€™t put AMERICA FIRSTâ€” I will.

Thatâ€™s why Iâ€™m challenging him for his seat in Congressâ€¦","<a href=""https://mobile.twitter.com"" rel=""nofollow"">Twitter Web App</a>",4632953184,Zakary Kadan,,,False,13,114,3953,,,,0,,False,0,False,en
2021-04-27 08:16:49,1386957492199043072,#JoeBiden a profÃ©rÃ© presque 9 fois moins de faussetÃ©s que son prÃ©dÃ©cesseur #DonaldTrump sur la pÃ©riode des 100 premâ€¦ https://t.co/HYhx45Rh9S,"<a href=""https://mobile.twitter.com"" rel=""nofollow"">Twitter Web App</a>",1321094772266860549,Alexis Pichard,,http://pichardalexis.wordpress.com,False,330,130,448,,,,0,,False,0,False,fr
2021-04-27 08:16:49,1386957493058736130,"RT @MrsGandhi: On Kashmir, Trump supports India &amp; Biden supports Pakistan.

On CAA, Trump supports India &amp; Biden questions the CAA.

Visa sâ€¦","<a href=""http://twitter.com/download/android"" rel=""nofollow"">Twitter for Android</a>",867675096395038720,PĞ¯ÎğŸ’¤ ğŸ¹ ğŸšœ,Val Verde,,False,24490,512,83487,,,,0,,False,0,False,en
2021-04-27 08:16:50,1386957496481353730,"RT @RealCandaceO: Imagine if President Donald Trump used taxpayer money to buy his own books to give out to foreigners. 

That is exactly wâ€¦","<a href=""http://twitter.com/download/android"" rel=""nofollow"">Twitter for Android</a>",2358802567,Joel larson,,,False,59,114,17938,,,,0,,False,0,False,en
2021-04-27 08:16:50,1386957496997359618,"RT @glennkirschner2: Whatâ€™s going on right now in Arizona is not a recount, itâ€™s not an audit. Itâ€™s a Trump rally.","<a href=""https://mobile.twitter.com"" rel=""nofollow"">Twitter Web App</a>",1346634250314014720,Cynthia,,,False,75,259,15152,,,,0,,False,0,False,en
2021-04-27 08:16:50,1386957498230390785,"RT @MaddowBlog: ""For protection, Mr. Westerman said he commandeered a Civil War sword from an office display, barricaded himself in Mr. McCâ€¦","<a href=""http://twitter.com/download/iphone"" rel=""nofollow"">Twitter for iPhone</a>",825084934113079296,Alice Hawkins,,,False,3271,4998,171529,,,,0,,False,0,False,en
2021-04-27 08:16:50,1386957499551596546,"RT @aliasvaughn: Unbelievable. Or, believable since Miller is scum. Repugnant.","<a href=""http://twitter.com/download/iphone"" rel=""nofollow"">Twitter for iPhone</a>",157383853,"Linda Kemp, MCIS DSc(abd) #BlackLivesMatter",DC metropolitan area,,False,2423,5001,284358,,,,0,,False,0,False,en
2021-04-27 08:16:51,1386957499815927810,"@StefanIsVegan @ChristopherHahn Trump didn't ""demand"" to have observers, the election laws require that each partyâ€¦ https://t.co/v0jIZkAgBa","<a href=""https://mobile.twitter.com"" rel=""nofollow"">Twitter Web App</a>",1356101401668169731,Glitter,,,False,30,105,618,,,,0,,False,0,False,en
2021-04-27 08:16:51,1386957500625215490,@BLStrangfeld @glennkirschner2 Could it be that itâ€™s becuz Trump was telling us the truth about the election beingâ€¦ https://t.co/9X1hgzZGF3,"<a href=""http://twitter.com/#!/download/ipad"" rel=""nofollow"">Twitter for iPad</a>",1013492116931002368,Angie,,,False,119,290,5336,,,,0,,False,0,False,en
2021-04-27 08:16:51,1386957503137816578,"@jelogui83 @SKMorefield ...except the economy is better than ever, you mouth-breathing moron.

https://t.co/ccBoJI7XG0","<a href=""https://mobile.twitter.com"" rel=""nofollow"">Twitter Web App</a>",370524456,CaptnDan,,,False,27,36,12314,,,,0,,False,0,False,en
2021-04-27 08:16:52,1386957504395890697,"#odaibako_raichi_SE https://t.co/9HG98JxlpJ
ä½•ã§äººé–“ã®ã‚¿ãƒ³ãƒ‘ã‚¯è³ªãªã‚“ã ã€€ç‰›è‚‰ã®ãŒãŠã„ã—ã„ã ã‚
æ–°å®¿ã®é¿é›£è¨“ç·´ã«å‚åŠ ã—ã¦ãŸã®æ­£ã—ã„ã‘ã©å«Œãªãƒãƒ§ã‚¤ã‚¹ã§ã™ã­
ã‚ã‚‹ã€€ãã†ã„ã†ã®ã€€TRUMPã‚·ãƒªãƒ¼â€¦ https://t.co/A2YSZ07z0l","<a href=""http://twitter.com/download/iphone"" rel=""nofollow"">Twitter for iPhone</a>",1364890418450628617,ã‚‰ã„ã¡@å®Ÿæ³,,https://odaibako.net/requests/list/received,False,345,7,1081,,,,0,,False,0,False,ja
2021-04-27 08:16:53,1386957510922231809,@yerelkulis @fatihtezcan https://t.co/oo36DwxXJe,"<a href=""http://twitter.com/download/iphone"" rel=""nofollow"">Twitter for iPhone</a>",1558670312,Vakkas Sucu,World,,False,77,513,60110,,,,0,,False,0,False,und
2021-04-27 08:16:54,1386957514781208576,"If there's ANY positive outcome from Covid on a macro level, it'd be the removal of Trump, Bolsanaro, Johnson, andâ€¦ https://t.co/uNrpjnQe6Y","<a href=""http://twitter.com/download/android"" rel=""nofollow"">Twitter for Android</a>",206952204,Andrew Fraser,Johannesburg,https://arf9999.github.io/rtweetXtras/,False,5398,1626,6960,,,,0,,False,0,False,en
2021-04-27 08:16:54,1386957515821305857,"RT @RealCandaceO: Imagine if President Donald Trump used taxpayer money to buy his own books to give out to foreigners. 

That is exactly wâ€¦","<a href=""http://twitter.com/download/iphone"" rel=""nofollow"">Twitter for iPhone</a>",1325436471436775427,BB ğŸ—£,,,False,97,77,13867,,,,0,,False,0,False,en
2021-04-27 08:16:54,1386957515938799617,"RT @johncardillo: Trump 2016 campaign team meeting for 20 mins with a Russian lawyer Obama let into the country, months before Trump was POâ€¦","<a href=""http://twitter.com/download/android"" rel=""nofollow"">Twitter for Android</a>",1150262403256455168,President Elect James Jones,,,False,629,2657,25845,,,,0,,False,0,False,en
2021-04-27 08:16:55,1386957517868077060,@MasonPiii @globaltimesnews ğŸ˜‚ you remind me of Trump supporters in America,"<a href=""http://twitter.com/download/iphone"" rel=""nofollow"">Twitter for iPhone</a>",29465331,J,Shanghai,,False,133,221,792,,,,0,,False,0,False,en
2021-04-27 08:16:56,1386957521051656192,"@KymC1019 It's one of the errors of Pdt Trump. With what this guy do during his term, when he traced each move outsâ€¦ https://t.co/bp9XgeChFD","<a href=""https://mobile.twitter.com"" rel=""nofollow"">Twitter Web App</a>",2356583335,Antoine NOBILE,,,False,37,228,794,,,,0,,False,0,False,en
2021-04-27 08:16:57,1386957527825461248,"RT @atensnut: Went into a bookstore to ask if they had Trumpâ€™s book on illegal immigration.........

Clerk said, â€œGet the hell out of hereâ€¦","<a href=""http://twitter.com/download/android"" rel=""nofollow"">Twitter for Android</a>",1151507820,ted bear,,,False,1942,4562,62645,,,,0,,False,0,False,en
2021-04-27 08:16:57,1386957528421048321,RT @Chicago1Ray: TRUMP WON THE FUCKEN ELECTION,"<a href=""http://twitter.com/download/android"" rel=""nofollow"">Twitter for Android</a>",340693531,WayneReinert,"Lenhartsville, PA",,False,1175,4873,16821,,,,0,,False,0,False,en
2021-04-27 08:16:58,1386957529230553088,RT @dremilyportermd: Who says you have to wait until 2022 to vote blue?,"<a href=""http://twitter.com/download/android"" rel=""nofollow"">Twitter for Android</a>",1111027267252248579,Havok ReturnsğŸ‡ºğŸ‡²,"Far, Far Away",,False,1986,2179,9528,,,,0,,False,0,False,en
2021-04-27 08:16:58,1386957533013704712,"@JulianInsange @SpibooCh @NickAdamsinUSA Hey anti-Trump Trolls! Go troll where youâ€™re wanted, like in the nearest sâ€¦ https://t.co/xoTsMUkVp2","<a href=""http://twitter.com/download/iphone"" rel=""nofollow"">Twitter for iPhone</a>",885764256,B A Catalyst,,,False,1545,3514,9092,,,,0,,False,0,False,en
2021-04-27 08:16:59,1386957534788005888,"RT @TrumpFrance: ğŸ”´ Le nombre de signatures nÃ©cessaires pour 
organiser un rÃ©fÃ©rendum sur la rÃ©vocation du gouverneur covidiste de Californiâ€¦","<a href=""http://twitter.com/download/android"" rel=""nofollow"">Twitter for Android</a>",755246331862605825,Tchic79,,,False,21,121,5650,,,,0,,False,0,False,fr
2021-04-27 08:17:00,1386957537858269190,@Mcorreia83 @tweetMalena @verizonfios @FoxNews And today I saw an ad for Trump's OAN network. We're all going to have to get rid of Verizon,"<a href=""http://twitter.com/download/android"" rel=""nofollow"">Twitter for Android</a>",23527854,Ms. MarbellağŸŒŠNow I can say my President and VP,Marbella Spain,,False,4029,4987,196357,,,,0,"{'id': '319ee7b36c9149da', 'url': 'https://api.twitter.com/1.1/geo/id/319ee7b36c9149da.json', 'place_type': 'city', 'name': 'Arlington', 'full_name': 'Arlington, VA', 'country_code': 'US', 'country': 'United States', 'bounding_box': {'type': 'Polygon', 'coordinates': [[[-77.172219, 38.827378], [-77.172219, 38.934311], [-77.031779, 38.934311], [-77.031779, 38.827378]]]}, 'attributes': {}}",False,0,False,en
2021-04-27 08:17:00,1386957537967329280,"RT @BenjaminNorton: @mattduss So what will @MattDuss &amp; @BernieSanders do to actually lift the murderous, illegal US sanctions on Venezuelaâ€¦","<a href=""http://twitter.com/download/iphone"" rel=""nofollow"">Twitter for iPhone</a>",1269352506406113281,.,,,False,39,48,19046,,,,0,,False,0,False,en
2021-04-27 08:17:00,1386957538218872832,"RT @anneapplebaum: Oh look, Trump's flirtation with the North Korean dictator inspired him to build more nukes","<a href=""http://twitter.com/download/iphone"" rel=""nofollow"">Twitter for iPhone</a>",281807752,ğŸ‘¨â€ğŸ”§Justin HarperğŸ‘¨â€ğŸ”§,"wooster,ohio",,False,4054,4939,245039,,,,0,,False,0,False,en
2021-04-27 08:17:00,1386957539237982211,"RT @atensnut: Went into a bookstore to ask if they had Trumpâ€™s book on illegal immigration.........

Clerk said, â€œGet the hell out of hereâ€¦","<a href=""http://twitter.com/download/android"" rel=""nofollow"">Twitter for Android</a>",146260312,BROCK RICCI ğŸ‡®ğŸ‡¹ğŸ‡¸ğŸ‡¯ğŸ‡ºğŸ‡¸ ğŸ—£,The Great Pacific Northwest,,False,4863,4555,310708,,,,0,,False,0,False,en
2021-04-27 08:17:00,1386957540555116551,RT @votevets: 110 days since the Trump Insurrection with no consequence. https://t.co/cvfQpOjwpi,"<a href=""http://twitter.com/download/android"" rel=""nofollow"">Twitter for Android</a>",946542248883380224,Cow Lady,"Florida, USA",,False,1299,1890,130095,,,,0,,False,0,False,en
2021-04-27 08:17:00,1386957540907384834,"RT @EpochTimes: The @WhiteHouse ended the Trump-era policy of fining #IllegalAliens who have failed to leave the US, claiming there is no eâ€¦","<a href=""http://twitter.com/#!/download/ipad"" rel=""nofollow"">Twitter for iPad</a>",740366871803920384,Victoria Isabel,,,False,840,2861,19599,,,,0,,False,0,False,en
2021-04-27 08:17:01,1386957543361028097,"RT @ShawnLassiterTX: [Breaking] Iâ€™m Shawn Lassiter. I'm a science teacher &amp; the Democrat running for Congress to flip #TX06 blue! And yes,â€¦","<a href=""https://mobile.twitter.com"" rel=""nofollow"">Twitter Web App</a>",862496504224784384,Rosco (daring to feel hope again),"America, under New Management!",https://www.youtube.com/watch?v=bps3m4eFTuE,False,366,600,108482,,,,0,,False,0,False,en
2021-04-27 08:17:01,1386957544455774208,RT @__Inty__: Trumpä¼šå¸®ä¸­å›½äººç›´æ¥ç­å…±å—ï¼Ÿä¸ä¼šçš„ï¼Œä»–äº²è‡ªè¯´è¿‡å¾ˆå¤šå¯¹ç‹¬è£æ”¿åºœçš„çœ‹æ³•ã€‚å¤§æ¦‚æ„æ€ï¼šç‹¬è£æ”¿åºœåƒåœ¾ï¼Œä¸å°Šé‡è‡ªå·±çš„æœ¬å›½äººæ°‘ï¼›ä½†æ˜¯è€ç™¾å§“ä¸Šè¡—åæŠ—è¿½æ±‚æ°‘ä¸»è‡ªç”±ï¼ŒTrumpä¼šè¡¨è¾¾æ”¯æŒçš„æ€åº¦ã€‚æ‰€ä»¥ä¸­å›½äººæƒ³æ¨ç¿»å…±äº§å…šï¼Œæœ€ç»ˆè¿˜å¾—æ›´å¤šäººç«™èµ·æ¥ï¼Œèµ·ç æ›´å¤šäººç«™èµ·æ¥å¤šè¯´è¯ã€‚ä¸â€¦,"<a href=""https://mobile.twitter.com"" rel=""nofollow"">Twitter Web App</a>",885147651569623040,æˆ˜ç¥ä¹‹ç¥-éƒ­æ–‡è´µ,"Los Angeles, CA",,False,382,160,7275,,,,0,,False,0,False,zh
2021-04-27 08:17:02,1386957545965772807,"ğŸ‘ğŸ‘Joe Biden revertirÃ¡ la orden de Trump que rebajÃ³ los estÃ¡ndares contra la contaminaciÃ³n

Esa orden, segÃºn el jefeâ€¦ https://t.co/dMNddEVsG3","<a href=""https://mobile.twitter.com"" rel=""nofollow"">Twitter Web App</a>",898821554989084672,Ecologismo de Emergencia,,http://blogs.publico.es/ecologismo-de-emergencia/,False,7716,486,428,,,,0,,False,0,False,es
2021-04-27 08:17:02,1386957549186940929,@fatihtezcan https://t.co/oo36DwxXJe,"<a href=""http://twitter.com/download/iphone"" rel=""nofollow"">Twitter for iPhone</a>",1558670312,Vakkas Sucu,World,,False,77,513,60110,,,,0,,False,0,False,und
2021-04-27 08:17:02,1386957549409239042,RT @nirmal712: @sidhant Blocking Trump/POTUS was in line?,"<a href=""https://mobile.twitter.com"" rel=""nofollow"">Twitter Web App</a>",1076124056338935808,Anupama B Reddy,"Andhra Pradesh, India",,False,291,1572,42712,,,,0,,False,0,False,en
2021-04-27 08:17:02,1386957549971312643,@T0kenW0rld @VlfMichael Oui et non c'Ã©tait Ã  la base une demande de Trump de dÃ©classifiÃ©s les dossiers sur le sujet.,"<a href=""http://twitter.com/download/android"" rel=""nofollow"">Twitter for Android</a>",1327521113899937793,Raym Raymond,,,False,41,56,8807,,,,0,,False,0,False,fr
2021-04-27 08:17:02,1386957549946212355,"RT @Harryslaststand: Let's be clear; it's capitalism that doesn't care and whether it's Doug Ford, Donald Trump, Modi or Boris Johnson; theâ€¦","<a href=""http://twitter.com/download/android"" rel=""nofollow"">Twitter for Android</a>",317157535,La Libertad ğŸ‡ªğŸ‡ºğŸ´ó §ó ¢ó ³ó £ó ´ó ¿ğŸ‡ªğŸ‡¸,Scotland,,False,542,725,28542,,,,0,,False,0,False,en
2021-04-27 08:17:03,1386957550059462656,RT @mjfree: When is Donald J. Trump going to be indicted?,"<a href=""http://twitter.com/download/android"" rel=""nofollow"">Twitter for Android</a>",210535063,David Matson,,,False,46,949,21072,,,,0,,False,0,False,en
2021-04-27 08:17:03,1386957551024185346,"RT @SCmusic82: Trump won all 27/27 House ""Toss-Ups"", 

Won 18/19 Bellwether Counties, 

Won Ohio, Florida &amp; Iowa,

Won over 15 Million moreâ€¦","<a href=""http://twitter.com/download/android"" rel=""nofollow"">Twitter for Android</a>",1349007858843742211,Gene 0.03,"Omaha, previously Twitganistan",,False,213,300,108,,,,0,,False,0,False,en
2021-04-27 08:17:04,1386957556233515009,RT @ProjectLincoln: Kevin McCarthy is more concerned with protecting Trump than protecting democracy,"<a href=""http://twitter.com/download/iphone"" rel=""nofollow"">Twitter for iPhone</a>",1087885146,dmarsh,,,False,2,116,14997,,,,0,,False,0,False,en
2021-04-27 08:17:04,1386957556829102081,RT @Chicago1Ray: Trump won (AZ)(MI)(WI)( GA)(PA) ğŸ’¯% Biden lost (AZ)( MI)(WI)(GA)(PA) ğŸ’¯%,"<a href=""http://twitter.com/download/iphone"" rel=""nofollow"">Twitter for iPhone</a>",328488390,issa rashid jr,"Pembroke Pines, Fl. ",,False,478,790,36386,,,,0,,False,0,False,in
2021-04-27 08:17:04,1386957557596622850,RT @mjfree: When is Donald J. Trump going to be indicted?,"<a href=""http://twitter.com/download/android"" rel=""nofollow"">Twitter for Android</a>",1143722063162728448,elainemgh is #Vaccinated and #Wearsamask,"Texas, USA",,False,451,543,29020,,,,0,,False,0,False,en
2021-04-27 08:17:05,1386957558791819264,RT @lyndseyfifield: Try to imagine if Trump officials had done this with ANY of the people on 1/6â€“how the media would have covered it and hâ€¦,"<a href=""http://twitter.com/download/android"" rel=""nofollow"">Twitter for Android</a>",1162188020574932992,@Libertarians_AMA@Liberdon.comğŸŒº,FEMA Region XIII,,False,1037,3485,40518,,,,0,,False,0,False,en
2021-04-27 08:17:06,1386957565192556544,"RT @TrumpFrance: ğŸ”´ Le nombre de signatures nÃ©cessaires pour 
organiser un rÃ©fÃ©rendum sur la rÃ©vocation du gouverneur covidiste de Californiâ€¦","<a href=""https://mobile.twitter.com"" rel=""nofollow"">Twitter Web App</a>",1281002636272111617,villard cedric,,,False,29,55,9637,,,,0,,False,0,False,fr
2021-04-27 08:17:07,1386957567914545153,"He's nor wrong...who would have thought I'd ever day that about Erdogan... Your move, @POTUS. Do it before Turkey aâ€¦ https://t.co/rND00G7CmW","<a href=""http://twitter.com/download/android"" rel=""nofollow"">Twitter for Android</a>",454353508,ğŸ¥Julia Schick #NoCovidMSğŸ¥,MÃ¼nster ,,False,415,367,10908,,,,0,,False,0,False,en
2021-04-27 08:17:08,1386957571794276352,"@thehill Steve Scalise aka @SteveScalise aka @SteveScaliseGOP 

@POTUS Joe Biden could care less if you attend hisâ€¦ https://t.co/jwzwYukklN","<a href=""https://mobile.twitter.com"" rel=""nofollow"">Twitter Web App</a>",865462722443452418,Says Phoebe,,,False,423,790,14401,,,,0,,False,0,False,en
2021-04-27 08:17:08,1386957572226252800,RT @APoppaBear: Melania Trump is 51 years old today. That's exactly 3 times older than Matt Gaetz is willing to pay for.,"<a href=""http://twitter.com/download/iphone"" rel=""nofollow"">Twitter for iPhone</a>",1852375052,Catherine House Moderna ğŸ’‰,"Scio, OR",https://buildbackbetter.com/,False,15978,14464,814618,,,,0,,False,0,False,en
2021-04-27 08:17:09,1386957576487718916,"Developing COVID-19 vaccines started under President Donald Trump, but most of the rollout happened under Presidentâ€¦ https://t.co/60fxd8UE3K","<a href=""http://www.socialnewsdesk.com"" rel=""nofollow"">SocialNewsDesk</a>",7998482,USA TODAY Politics,"Washington, D.C.",http://usatoday.com/washington,False,213864,837,119,,,,0,,False,0,False,en
2021-04-27 08:17:09,1386957578647658499,@maverick3311 @JordanSchachtel All that Trump hate for nothing. Youâ€™re a desperate weirdo who doesnâ€™t matter.,"<a href=""http://twitter.com/download/iphone"" rel=""nofollow"">Twitter for iPhone</a>",153022731,Slexie,,,False,51,269,2784,,,,0,,False,0,False,en
2021-04-27 08:17:10,1386957580702990337,RT @honnnnie2: I â¤ Trump!! It's OK ğŸ‘Œ https://t.co/WRWnziV3DO,"<a href=""https://mobile.twitter.com"" rel=""nofollow"">Twitter Web App</a>",1295992835318128641,Missilizzi,,,False,0,14,8,,,,0,,False,0,False,en
2021-04-27 08:17:10,1386957580828872706,"Remember That Crazy Yale Shrink Who â€œDiagnosedâ€ Trump on TV? Well, Karma Just Sent Her Packingâ€¦ https://t.co/nJE8TMTvgS via @WayneDupreeShow","<a href=""https://mobile.twitter.com"" rel=""nofollow"">Twitter Web App</a>",920073477897572352,J. B Disenfranchised,USA,,False,1318,1322,90516,,,,0,,False,0,False,en
2021-04-27 08:26:17,1386959877398962176,"5æœˆ15æ—¥ã¯ä»•äº‹ã®éç•ªã‚„ã‹ã‚‰è¦‹ã‚Œã‚‹
ãƒ½(Â´â–½ï½€)/
keikoã•ã‚“ã®ãƒ”ã‚¢ãƒã§æ¥½ã—ã‚€â™ª
ç„¡æ–™ã¯å¤§ç›¤æŒ¯ã‚‹èˆã„â™ª

#FF14ãƒ‡ã‚¸ã‚¿ãƒ«ãƒ•ã‚¡ãƒ³ãƒ•ã‚§ã‚¹ https://t.co/OGiY3NWpdn","<a href=""http://twitter.com/download/iphone"" rel=""nofollow"">Twitter for iPhone</a>",97981552,ã¿ã£ã¡ã‚ƒã‚“,å¤§é˜ªå¸‚,http://ameblo.jp/ousyun2/,False,425,409,1191,,,,0,,False,0,False,ja
2021-04-27 08:26:33,1386959944554106880,TambiÃ©n en castillo estÃ¡n igual,"<a href=""https://mobile.twitter.com"" rel=""nofollow"">Twitter Web App</a>",867229662,girls_12funny,everywhere,,False,150,340,8418,,,,0,,False,0,False,es
2021-04-27 08:28:57,1386960546868695041,@EvelynHerreraP @HenryJulian14 @oscarcastillogg Pienso lo mismo. Muy patÃ©tica la desesperaciÃ³n de mucho por seguirâ€¦ https://t.co/uVWJ6DZeKK,"<a href=""http://twitter.com/download/android"" rel=""nofollow"">Twitter for Android</a>",2202380669,Ana,Lima,,False,65,194,5477,,,,0,,False,0,False,es
2021-04-27 08:29:45,1386960747658465282,RT @sigridbazan: Reafirmamos una de las primeras cosas que dijo VerÃ³nika Mendoza: con Keiko ni a la esquina. Porque no queremos volver a loâ€¦,"<a href=""http://twitter.com/download/android"" rel=""nofollow"">Twitter for Android</a>",2591629968,nevadalider,Huancane Puno,http://www.nevadalider.com,False,71,473,9,,,,0,,False,0,False,es
2021-04-27 08:30:00,1386960812489707522,"RT @carlosc00268781: Si perdiera Keiko, serÃ­a justicia poÃ©tica que la clase A, B que fueron las que mÃ¡s injustamente la trataron, lo pierdaâ€¦","<a href=""http://twitter.com/download/android"" rel=""nofollow"">Twitter for Android</a>",1348444170373967872,Angel Marcas,,,False,98,700,13943,,,,0,,False,0,False,es
2021-04-27 08:30:25,1386960917003325443,RT @TomMall34816981: @Ipitythepoorfo1 I think you missed the best point about Trump. Heâ€™s bringing down your monarchyâ€™s child eating and trâ€¦,"<a href=""http://twitter.com/download/iphone"" rel=""nofollow"">Twitter for iPhone</a>",1005786771290853377,Lilli Sawyer,United States,,False,3031,3826,81523,,,,0,,False,0,False,en
2021-04-27 08:30:26,1386960918068613121,RT @A1471: what a let down.....,"<a href=""http://twitter.com/download/android"" rel=""nofollow"">Twitter for Android</a>",471638455,Gebnut,"California, USA",,False,2074,2626,275234,,,,0,,False,0,False,en
2021-04-27 08:30:26,1386960922200080384,RT @dremilyportermd: Who says you have to wait until 2022 to vote blue? https://t.co/lzRF9du5nT,"<a href=""https://mobile.twitter.com"" rel=""nofollow"">Twitter Web App</a>",366498596,Andy Behrman,Los Angeles,,False,82360,42129,165365,,,,0,,False,0,False,en
2021-04-27 08:30:27,1386960924112789505,"RT @atensnut: Went into a bookstore to ask if they had Trumpâ€™s book on illegal immigration.........

Clerk said, â€œGet the hell out of hereâ€¦","<a href=""http://twitter.com/download/android"" rel=""nofollow"">Twitter for Android</a>",930710143,Doc,USA,,False,2471,3991,203951,,,,0,,False,0,False,en
2021-04-27 08:30:27,1386960924876189700,"RT @atensnut: Went into a bookstore to ask if they had Trumpâ€™s book on illegal immigration.........

Clerk said, â€œGet the hell out of hereâ€¦","<a href=""http://twitter.com/#!/download/ipad"" rel=""nofollow"">Twitter for iPad</a>",1164304519,"Milam Keith Smith - Militia up, buttercups!",Texas,http://klickthedick.com,False,196,231,62281,,,,0,,False,0,False,en
2021-04-27 08:30:28,1386960929053609985,"@camanpour 
WHY, WHY DID U NOT 
MENTION THAT LIAR-TRUMP VISITED
INDIA &amp; ALSO TALKED TO THE 
BRAZIL PRESIDENT &amp; ""CONâ€¦ https://t.co/w3mB0MK3ew","<a href=""https://mobile.twitter.com"" rel=""nofollow"">Twitter Web App</a>",1269647667078053888,LEE JONES,,,False,0,0,0,,,,0,,False,0,False,en
2021-04-27 08:30:28,1386960929993084931,"RT @sybilsdad: After 4  years as FLOTUS, living with SCROFUS, why didnâ€™t you learn that sending condolences to a monarch by tweet is the beâ€¦","<a href=""http://twitter.com/download/android"" rel=""nofollow"">Twitter for Android</a>",1284332827,IcelandicMetis,,,False,2521,4997,37108,,,,0,,False,0,False,en
2021-04-27 08:30:29,1386960931507228673,"RT @thebradfordfile: Trump was right. 

George Bush is a ruling class fraud just like Biden, Clinton, and Obama.","<a href=""http://twitter.com/download/android"" rel=""nofollow"">Twitter for Android</a>",1096284322149986306,kusan kuÃ§ar,,,False,22,467,2812,,,,0,,False,0,False,en
2021-04-27 08:30:29,1386960933512228864,RT @JamesTate121: THE CHURCH OF TRUMP! A Florida man &amp; his three sons were indicted for selling more than $1M of industrial bleach as a â€œMiâ€¦,"<a href=""http://twitter.com/download/android"" rel=""nofollow"">Twitter for Android</a>",759155531332390912,Nancy Yarosis âœ,"North Carolina, USA",,False,31337,34343,803090,,,,0,,False,0,False,en
2021-04-27 08:30:30,1386960937714954246,RT @Nigel_Farage: Just caught up with my old friend Donald Trump at Mar-a-Lago. He looks fit and well.,"<a href=""http://twitter.com/download/android"" rel=""nofollow"">Twitter for Android</a>",250219566,Dean,LONDON ENGLAND,,False,118,482,9473,,,,0,,False,0,False,en
2021-04-27 08:30:30,1386960937815482371,RT @robreiner: The longer the Republicans continue to blow smoke up Trumpâ€™s ass perpetuating the Big Lie; the longer he is held unaccountabâ€¦,"<a href=""https://mobile.twitter.com"" rel=""nofollow"">Twitter Web App</a>",1200324803032338433,daniel Nociaro,,,False,2,41,26,,,,0,,False,0,False,en
2021-04-27 08:30:55,1386961043159601155,RT @amariateguibnof: El Fujimorismo heredÃ³ en el aÃ±o 90 un paÃ­s destrozado social y econÃ³micamente por gobiernos de izquierda. Lo recompusoâ€¦,"<a href=""http://twitter.com/download/android"" rel=""nofollow"">Twitter for Android</a>",1368421901069033473,Kekito Morado,,,False,19,127,478,,,,0,,False,0,False,es
2021-04-27 08:30:55,1386961043113615360,@RPPNoticias Si la ONPE NO METE LA MANO PEDRO CASTILLO GANARÃ POR SER HONRADO Y NO TIENE DELITOS NI ESTA INVESTIGADâ€¦ https://t.co/uyEYa8UKo4,"<a href=""https://mobile.twitter.com"" rel=""nofollow"">Twitter Web App</a>",514881921,MARIO CASTILLO RUIZ,,,False,22,29,51,,,,0,,False,0,False,es
2021-04-27 08:30:56,1386961044648742912,@eajljhonathan @rmapalacios Jajaa Keiko trajo la pandemia el que la bolsa caiga tambiÃ©n es culpa de ella,"<a href=""http://twitter.com/download/android"" rel=""nofollow"">Twitter for Android</a>",2166952958,Heyser Aredo Lecca,,,False,25,70,1038,,,,0,,False,0,False,es
2021-04-27 08:30:58,1386961053834219524,RT @girls_12funny: y tu curwen que hiciste tambiÃ©n desde tus privilegios por las minorÃ­as. Bruno Pinasco,"<a href=""http://twitter.com/download/android"" rel=""nofollow"">Twitter for Android</a>",217234560,Anthony Valverdev,,,False,43,139,1486,,,,0,,False,0,False,es
2021-04-27 08:31:16,1386961128450936834,"RT @DiarioDeCurwen: En el gobierno de Fujimori, Montesinos intercambiaba rifles por kilos de cocaina con carteles colombianos. Fujimori esâ€¦","<a href=""http://twitter.com/download/android"" rel=""nofollow"">Twitter for Android</a>",26776395,Rafael Peralta Paoliâ„¢ï¸,Zaragoza Spain,,False,61,406,5578,,,,0,,False,0,False,es
2021-04-27 08:31:17,1386961133156945925,"NUNCA MAS A KEIKO EN EL PERU POR CORRUPTA Y SU ORGANIZACION CRIMINAL FUERZA POPULAR, A LA CARCEL..CARAJO.https://t.co/9s9AbVPxCP","<a href=""http://twitter.com/download/android"" rel=""nofollow"">Twitter for Android</a>",1210424808074334209,LEONARDO,"Lima, Peru",,False,1,97,0,,,,0,,False,0,False,es
2021-04-27 08:31:18,1386961137787236352,"RT @hiyoko34778556: ã€Šæ¥ãšã‹ã—ãŒã‚Šå±‹ã®äººã€‹
é¢å‰DVã®ã‚ã‚‹å®¶åº­ã§è‚²ã£ãŸç›¸è«‡è€…ã€‚
æœ¬éŸ³ãŒå‡ºã›ãšã€èª°ã¨ã‚‚è§¦ã‚Œåˆãˆãªã„ã¾ã¾å¤±è·ã—å­¤ç‹¬ã«ã€‚

ã€Œè‡ªåˆ†ã«ã¯ä¾¡å€¤ãŒãªã„ã€ã¨ã„ã†è‡ªå·±ã‚¤ãƒ¡ãƒ¼ã‚¸ã‚’å†…é¢åŒ–ã—ãŸãŸã‚ã«ã€äººã«è¤’ã‚ã‚‰ã‚Œã¦ã‚‚ç´ ç›´ã«å—ã‘æ­¢ã‚ã‚‰ã‚Œãšã€Œç§ãªã‚“ã‹ã€ãã‚“ãªã“ã¨ãªã„ã€â€¦","<a href=""http://twitter.com/download/android"" rel=""nofollow"">Twitter for Android</a>",1116535014873686016,ğ“ŠKatğ“…®,,,False,63,140,14285,,,,0,,False,0,False,ja
2021-04-27 08:31:19,1386961140387827720,RT @VanyaThais: Â¿Alguien me explica con que almeja PerÃº Libre le dice vaga a Keiko si Castillo cobra pero no enseÃ±a hace aÃ±os? Â¿QuÃ© hace elâ€¦,"<a href=""http://twitter.com/download/android"" rel=""nofollow"">Twitter for Android</a>",1348444170373967872,Angel Marcas,,,False,98,700,13948,,,,0,,False,0,False,es
2021-04-27 08:31:59,1386961311167361027,"RT @jodamo86: @alfrebo @RiderBendezu Jajajajaj pero si justamente entran para hacer activismo a favor de keiko, porque jaime de Althaus noâ€¦","<a href=""http://twitter.com/download/android"" rel=""nofollow"">Twitter for Android</a>",251713234,Edu esperanzado,,,False,754,760,110727,,,,0,,False,0,False,es
2021-04-27 08:32:02,1386961324593360901,@JorgeEd21 @sergiorvil @jorgeolivos1 @valdemarperu Bajo tu lÃ³gica tendrÃ­amos que venerar a Musolini o Pinochet. Losâ€¦ https://t.co/jZArO9FSfl,"<a href=""http://twitter.com/download/android"" rel=""nofollow"">Twitter for Android</a>",1043528795112841217,BÃºho Rojo,"Lima, Peru",,False,54,35,1278,,,,0,,False,0,False,es
2021-04-27 08:32:08,1386961346718273536,"RT @PatriciaTubilla: Contradicciones de los seguidores de #PedroCastillo
ğŸ¥‘ Votan por âœï¸ xq odian la corrupciÃ³n, pero su lÃ­der CerrÃ³n estÃ¡ câ€¦","<a href=""https://mobile.twitter.com"" rel=""nofollow"">Twitter Web App</a>",1362415385434284033,steve gomez,,,False,0,26,394,,,,0,,False,0,False,es
2021-04-27 08:32:11,1386961360429322248,RT @luiscostabonino: El destino de la democracia peruana estÃ¡ en manos de los lÃ­deres polÃ­ticos que NO pasaron a 2a vuelta. Deben reconocerâ€¦,"<a href=""https://mobile.twitter.com"" rel=""nofollow"">Twitter Web App</a>",47472187,Daniel GonzÃ¡lez,Entre PerÃº y Venezuela.,,False,1889,1902,23385,,,,0,,False,0,False,es
2021-04-27 08:32:13,1386961370168664066,RT @dmddm_: Todos nos preguntÃ¡bamos por quiÃ©n iba a votar la hija del vicepresidente del fraude de Fujimori. https://t.co/rENsQXbLi0,"<a href=""https://mobile.twitter.com"" rel=""nofollow"">Twitter Web App</a>",318181812,Max Marcos / Fujimori nunca mÃ¡s!!,"Miraflores, San Juan - Lima.",,False,504,1497,65629,,,,0,,False,0,False,es
2021-04-27 08:32:17,1386961386220179456,"RT @ElmerVicenteJi3: Jaime de althaus asume directorio en El Comercio. Fujimorista confeso. Osea keiko ya tomÃ³ controm de canal 4 canal N,â€¦","<a href=""http://twitter.com/download/android"" rel=""nofollow"">Twitter for Android</a>",236874842,Jorge Armando,Casa,,False,604,1153,45331,,,,0,,False,0,False,es
2021-04-27 08:39:35,1386963220779442178,"@AlexndraEn @oscarcastillogg A si es, mientras otros pasan necesidades a raÃ­z de la pandemia, algunos les sobra laâ€¦ https://t.co/vtBUg526mo","<a href=""http://twitter.com/download/android"" rel=""nofollow"">Twitter for Android</a>",2202380669,Ana,Lima,,False,65,194,5485,,,,0,,False,0,False,es
2021-04-27 08:39:36,1386963227599331328,"RT @WaykaPeru: Familiares de #KeikoFujimori, que se enriquecieron con donaciones, siguen prÃ³fugos. Durante la aplicaciÃ³n del #fujishock, loâ€¦","<a href=""http://twitter.com/download/android"" rel=""nofollow"">Twitter for Android</a>",1218344950938722304,Cuts22,,,False,6,82,1617,,,,0,,False,0,False,es
2021-04-27 08:39:37,1386963229298106368,"@jesusverdeL Y anteriormente eran angelitos , destruyeron a Keiko en las elecciones del 2016","<a href=""http://twitter.com/download/iphone"" rel=""nofollow"">Twitter for iPhone</a>",733839530730610689,Yezenia,,,False,77,614,16521,,,,0,,False,0,False,es
2021-04-27 08:39:39,1386963239335075842,"RT @PasquinDeM: Junto con este mensaje Keiko debe decir:
- No los ha olvidado NUNCA, no le han dado la oportunidad de ofrecer sus serviciosâ€¦","<a href=""http://twitter.com/download/android"" rel=""nofollow"">Twitter for Android</a>",381051321,Paul Martin,,,False,123,295,21000,,,,0,,False,0,False,es
2021-04-27 08:39:40,1386963245597143046,RT @noakeikope: Â¿CuÃ¡nto cuestan todos esos paneles a favor de Keiko? Â¿QuiÃ©n los financia? Â¿Algo que decir @BCPComunica?,"<a href=""http://twitter.com/download/android"" rel=""nofollow"">Twitter for Android</a>",1205244535,Juan Carlos,,,False,291,404,64179,,,,0,,False,0,False,es
2021-04-27 08:39:46,1386963268758032389,"RT @proezaliaga: @PasquinDeM Suscribo, Pasquincito del bien. 
Las mujeres somos, en primer lugar y mÃ¡s importante que todo, madres, y quereâ€¦","<a href=""http://twitter.com/download/android"" rel=""nofollow"">Twitter for Android</a>",381051321,Paul Martin,,,False,123,295,21001,,,,0,,False,0,False,es
2021-04-27 08:39:54,1386963301217804289,"RT @fitoflores: Tarde o temprano la verdad sale a la luz. Se tramÃ³ informe de la DEA, perjudicando a Keiko, en Cuarto Poder por orden de Clâ€¦","<a href=""http://twitter.com/download/android"" rel=""nofollow"">Twitter for Android</a>",1311256364128391168,f4b1olope7@gmail.com,,,False,22,66,9147,,,,0,,False,0,False,es
2021-04-27 08:39:57,1386963315188961281,RT @elblogdebinario: Ponen en el Consejo Editorial de AmÃ©rika a Jaime De Althaus. Â¡Que tal jugadÃ³n! Solo falta el apoyo incondicional de Ãnâ€¦,"<a href=""http://twitter.com/download/iphone"" rel=""nofollow"">Twitter for iPhone</a>",1150893576,HAYRO ğŸ‡µğŸ‡ª,Worldwide,https://tinyurl.com/HIGHRO,False,1753,0,276,,,,0,,False,0,False,es
2021-04-27 08:39:58,1386963319446200323,"Lo Ãºnico que creo es no votar por la corrupciÃ³n, sobretodo por el partido que mÃ¡s blindÃ³ a la mafia como los cuelloâ€¦ https://t.co/QW88O5ueZu","<a href=""http://twitter.com/download/iphone"" rel=""nofollow"">Twitter for iPhone</a>",457000082,pilar puente,,,False,359,1675,7763,,,,0,,False,0,False,es
2021-04-27 08:40:05,1386963347187200002,"ã‚°ãƒ¬ã‚¤ã‚¹ã®èƒ¸ã‚’ç››ã‚‹ãªé«˜æ ¡æ ¡æ­Œ
ä½œè©ä½œæ›²:Sota Fujimori

æœæ—¥ãŒæ˜‡ã‚‹ä¸˜ã®ä¸Š
ã‚°ãƒ¬ã‚¤ã‚¹ã®èƒ¸ã‚’ç››ã‚ã†ã¨ã™ã‚‹ãª
è‹¥ãç”Ÿå‘½(ã„ã®ã¡)ã‚’æ¯å¹ã¨ç‡ƒã‚„ã—
ã¾ãªæ¿ã«ç›¸å¿œã®ãƒã‚¹ãƒˆã‚’ä¸ãˆãªã•ã„
å¤§ç©ºã¸ã¨ä»Šé£›ã³ç«‹ã¨ã†
ãã®æˆé•·å…·åˆã¯ç„¡ç†ãŒã‚â€¦ https://t.co/39rXVAN5K8","<a href=""https://about.twitter.com/products/tweetdeck"" rel=""nofollow"">TweetDeck</a>",213091709,ã‚ã¿,æ±äº¬â‡„æœ­å¹Œã€ãƒ­ãƒ‰ã‚¹è£½è–¬ã€ãƒ•ã‚£ãƒ‹ã‚¹ãƒ»ã‚«ãƒ«ãƒ‡ã‚¢ã€ç·©ããƒˆãƒ¬ã‚»ãƒ³å­¦åœ’,,False,888,4718,183962,,,,0,,False,0,False,ja
2021-04-27 08:40:05,1386963347413901312,RT @VanyaThais: Â¿Alguien me explica con que almeja PerÃº Libre le dice vaga a Keiko si Castillo cobra pero no enseÃ±a hace aÃ±os? Â¿QuÃ© hace elâ€¦,"<a href=""http://twitter.com/download/android"" rel=""nofollow"">Twitter for Android</a>",2792458327,unicornio,,,False,375,86,100154,,,,0,,False,0,False,es
